,cod_cliente,cod_produto,qtd_produto,valor_unitario,valor_total_compra
0,1,1011,3,5.99,17.97
1,2,1032,4,9.99,39.96
2,3,1049,2,5.99,11.98
3,4,1021,4,3.99,15.96
4,5,1001,4,22.0,88.0
5,6,1003,2,12.0,24.0
6,7,1069,2,3.49,6.98
7,8,1043,1,3.25,3.25
8,9,1029,3,10.0,30.0
9,10,1059,3,4.0,12.0
10,11,1021,3,3.99,11.97
11,12,1003,3,12.0,36.0
12,13,1017,2,7.5,15.0
13,14,1052,1,5.89,5.89
14,15,1000,4,9.9,39.6
15,16,1085,4,64.99,259.96
16,17,1001,3,22.0,66.0
17,18,1079,4,5.99,23.96
18,19,1070,1,3.99,3.99
19,20,1077,2,34.5,69.0
20,21,1075,1,35.0,35.0
21,22,1060,3,3.5,10.5
22,23,1021,2,3.99,7.98
23,24,1016,1,15.0,15.0
24,25,1017,4,7.5,30.0
25,26,1048,4,8.99,35.96
26,27,1032,2,9.99,19.98
27,28,1010,1,11.0,11.0
28,29,1040,1,5.0,5.0
29,30,1025,3,4.99,14.97
30,31,1059,3,4.0,12.0
31,32,1065,4,5.99,23.96
32,33,1012,3,7.95,23.85
33,34,1070,2,3.99,7.98
34,35,1049,4,5.99,23.96
35,36,1083,1,1.99,1.99
36,37,1014,3,8.99,26.97
37,38,1039,4,4.99,19.96
38,39,1020,4,2.5,10.0
39,40,1038,4,4.0,16.0
40,41,1000,2,9.9,19.8
41,42,1024,2,5.99,11.98
42,43,1028,3,3.2,9.6
43,44,1014,1,8.99,8.99
44,45,1047,1,3.89,3.89
45,46,1044,2,3.99,7.98
46,47,1037,4,3.45,13.8
47,48,1009,4,12.5,50.0
48,49,1022,4,4.3,17.2
49,50,1082,3,29.99,89.97
50,51,1084,4,56.99,227.96
51,52,1006,4,6.0,24.0
52,53,1078,4,10.99,43.96
53,54,1083,4,1.99,7.96
54,55,1021,4,3.99,15.96
55,56,1054,2,1.5,3.0
56,57,1016,4,15.0,60.0
57,58,1050,3,3.5,10.5
58,59,1002,3,1.99,5.97
59,60,1054,3,1.5,4.5
60,61,1071,1,4.99,4.99
61,62,1027,2,3.99,7.98
62,63,1062,2,5.99,11.98
63,64,1056,2,3.75,7.5
64,65,1011,3,5.99,17.97
65,66,1058,2,3.89,7.78
66,67,1067,3,2.99,8.97
67,68,1055,2,3.99,7.98
68,69,1010,3,11.0,33.0
69,70,1035,2,3.99,7.98
70,71,1017,4,7.5,30.0
71,72,1069,2,3.49,6.98
72,73,1074,3,2.49,7.47
73,74,1006,1,6.0,6.0
74,75,1043,2,3.25,6.5
75,76,1020,4,2.5,10.0
76,77,1004,2,4.0,8.0
77,78,1010,1,11.0,11.0
78,79,1004,3,4.0,12.0
79,80,1033,1,2.32,2.32
80,81,1013,4,13.5,54.0
81,82,1016,2,15.0,30.0
82,83,1045,3,5.99,17.97
83,84,1080,3,2.49,7.47
84,85,1037,4,3.45,13.8
85,86,1025,2,4.99,9.98
86,87,1067,1,2.99,2.99
87,88,1032,1,9.99,9.99
88,89,1043,3,3.25,9.75
89,90,1029,3,10.0,30.0
90,91,1062,3,5.99,17.97
91,92,1055,4,3.99,15.96
92,93,1059,2,4.0,8.0
93,94,1065,4,5.99,23.96
94,95,1033,3,2.32,6.96
95,96,1084,1,56.99,56.99
96,97,1074,4,2.49,9.96
97,98,1086,2,15.9,31.8
98,99,1049,3,5.99,17.97
99,100,1032,1,9.99,9.99
100,101,1056,1,3.75,3.75
101,102,1063,3,3.99,11.97
102,103,1083,2,1.99,3.98
103,104,1047,4,3.89,15.56
104,105,1034,3,3.75,11.25
105,106,1023,1,22.5,22.5
106,107,1065,3,5.99,17.97
107,108,1003,2,12.0,24.0
108,109,1029,2,10.0,20.0
109,110,1042,2,4.45,8.9
110,111,1029,2,10.0,20.0
111,112,1080,3,2.49,7.47
112,113,1046,3,4.99,14.97
113,114,1019,3,4.5,13.5
114,115,1084,3,56.99,170.97
115,116,1020,3,2.5,7.5
116,117,1083,3,1.99,5.97
117,118,1083,3,1.99,5.97
118,119,1050,3,3.5,10.5
119,120,1042,1,4.45,4.45
120,121,1030,3,8.0,24.0
121,122,1066,2,3.76,7.52
122,123,1013,3,13.5,40.5
123,124,1033,4,2.32,9.28
124,125,1065,4,5.99,23.96
125,126,1011,1,5.99,5.99
126,127,1079,4,5.99,23.96
127,128,1059,2,4.0,8.0
128,129,1032,1,9.99,9.99
129,130,1012,4,7.95,31.8
130,131,1014,1,8.99,8.99
131,132,1064,2,12.5,25.0
132,133,1070,1,3.99,3.99
133,134,1037,3,3.45,10.35
134,135,1053,3,1.5,4.5
135,136,1071,3,4.99,14.97
136,137,1066,1,3.76,3.76
137,138,1085,3,64.99,194.97
138,139,1068,4,1.29,5.16
139,140,1070,3,3.99,11.97
140,141,1003,1,12.0,12.0
141,142,1058,4,3.89,15.56
142,143,1002,4,1.99,7.96
143,144,1037,1,3.45,3.45
144,145,1084,4,56.99,227.96
145,146,1042,4,4.45,17.8
146,147,1056,3,3.75,11.25
147,148,1080,2,2.49,4.98
148,149,1022,1,4.3,4.3
149,150,1018,3,4.99,14.97
150,151,1043,4,3.25,13.0
151,152,1055,1,3.99,3.99
152,153,1046,4,4.99,19.96
153,154,1082,1,29.99,29.99
154,155,1026,4,2.0,8.0
155,156,1053,3,1.5,4.5
156,157,1067,3,2.99,8.97
157,158,1035,2,3.99,7.98
158,159,1008,4,8.5,34.0
159,160,1010,2,11.0,22.0
160,161,1031,1,1.99,1.99
161,162,1008,4,8.5,34.0
162,163,1017,1,7.5,7.5
163,164,1073,1,1.5,1.5
164,165,1063,1,3.99,3.99
165,166,1026,4,2.0,8.0
166,167,1069,2,3.49,6.98
167,168,1083,1,1.99,1.99
168,169,1043,3,3.25,9.75
169,170,1068,2,1.29,2.58
170,171,1022,1,4.3,4.3
171,172,1039,1,4.99,4.99
172,173,1080,3,2.49,7.47
173,174,1040,3,5.0,15.0
174,175,1016,2,15.0,30.0
175,176,1072,3,1.5,4.5
176,177,1001,4,22.0,88.0
177,178,1038,4,4.0,16.0
178,179,1010,1,11.0,11.0
179,180,1053,2,1.5,3.0
180,181,1067,3,2.99,8.97
181,182,1081,2,11.5,23.0
182,183,1050,4,3.5,14.0
183,184,1026,3,2.0,6.0
184,185,1067,3,2.99,8.97
185,186,1018,2,4.99,9.98
186,187,1083,2,1.99,3.98
187,188,1030,3,8.0,24.0
188,189,1047,2,3.89,7.78
189,190,1018,4,4.99,19.96
190,191,1081,3,11.5,34.5
191,192,1000,4,9.9,39.6
192,193,1073,2,1.5,3.0
193,194,1045,3,5.99,17.97
194,195,1058,3,3.89,11.67
195,196,1013,4,13.5,54.0
196,197,1027,2,3.99,7.98
197,198,1014,3,8.99,26.97
198,199,1059,3,4.0,12.0
199,200,1061,3,5.99,17.97
200,201,1020,3,2.5,7.5
201,202,1034,1,3.75,3.75
202,203,1066,2,3.76,7.52
203,204,1021,2,3.99,7.98
204,205,1041,1,4.95,4.95
205,206,1061,2,5.99,11.98
206,207,1026,2,2.0,4.0
207,208,1035,2,3.99,7.98
208,209,1030,2,8.0,16.0
209,210,1075,3,35.0,105.0
210,211,1002,3,1.99,5.97
211,212,1061,2,5.99,11.98
212,213,1068,3,1.29,3.87
213,214,1058,3,3.89,11.67
214,215,1061,3,5.99,17.97
215,216,1040,3,5.0,15.0
216,217,1023,3,22.5,67.5
217,218,1043,2,3.25,6.5
218,219,1007,4,1.25,5.0
219,220,1076,3,29.99,89.97
220,221,1047,4,3.89,15.56
221,222,1029,2,10.0,20.0
222,223,1000,1,9.9,9.9
223,224,1018,3,4.99,14.97
224,225,1079,2,5.99,11.98
225,226,1056,3,3.75,11.25
226,227,1045,4,5.99,23.96
227,228,1065,1,5.99,5.99
228,229,1084,4,56.99,227.96
229,230,1077,1,34.5,34.5
230,231,1006,1,6.0,6.0
231,232,1077,3,34.5,103.5
232,233,1079,2,5.99,11.98
233,234,1007,4,1.25,5.0
234,235,1027,4,3.99,15.96
235,236,1075,1,35.0,35.0
236,237,1080,3,2.49,7.47
237,238,1066,1,3.76,3.76
238,239,1059,4,4.0,16.0
239,240,1056,3,3.75,11.25
240,241,1036,4,3.5,14.0
241,242,1070,1,3.99,3.99
242,243,1001,1,22.0,22.0
243,244,1086,4,15.9,63.6
244,245,1060,3,3.5,10.5
245,246,1057,4,2.99,11.96
246,247,1057,3,2.99,8.97
247,248,1033,3,2.32,6.96
248,249,1066,4,3.76,15.04
249,250,1053,4,1.5,6.0
250,251,1035,4,3.99,15.96
251,252,1056,2,3.75,7.5
252,253,1069,3,3.49,10.47
253,254,1038,4,4.0,16.0
254,255,1003,1,12.0,12.0
255,256,1030,3,8.0,24.0
256,257,1062,2,5.99,11.98
257,258,1031,1,1.99,1.99
258,259,1068,1,1.29,1.29
259,260,1082,1,29.99,29.99
260,261,1030,2,8.0,16.0
261,262,1052,1,5.89,5.89
262,263,1047,3,3.89,11.67
263,264,1075,2,35.0,70.0
264,265,1002,3,1.99,5.97
265,266,1060,4,3.5,14.0
266,267,1014,2,8.99,17.98
267,268,1082,3,29.99,89.97
268,269,1044,4,3.99,15.96
269,270,1051,1,5.99,5.99
270,271,1056,2,3.75,7.5
271,272,1026,3,2.0,6.0
272,273,1020,4,2.5,10.0
273,274,1035,1,3.99,3.99
274,275,1010,4,11.0,44.0
275,276,1000,3,9.9,29.7
276,277,1043,2,3.25,6.5
277,278,1016,2,15.0,30.0
278,279,1017,2,7.5,15.0
279,280,1072,4,1.5,6.0
280,281,1012,3,7.95,23.85
281,282,1083,4,1.99,7.96
282,283,1040,1,5.0,5.0
283,284,1082,3,29.99,89.97
284,285,1000,3,9.9,29.7
285,286,1002,1,1.99,1.99
286,287,1061,1,5.99,5.99
287,288,1079,3,5.99,17.97
288,289,1055,1,3.99,3.99
289,290,1057,4,2.99,11.96
290,291,1012,1,7.95,7.95
291,292,1072,3,1.5,4.5
292,293,1005,1,2.5,2.5
293,294,1028,3,3.2,9.6
294,295,1021,1,3.99,3.99
295,296,1010,2,11.0,22.0
296,297,1016,3,15.0,45.0
297,298,1027,3,3.99,11.97
298,299,1077,3,34.5,103.5
299,300,1070,2,3.99,7.98
300,301,1068,4,1.29,5.16
301,302,1083,3,1.99,5.97
302,303,1033,3,2.32,6.96
303,304,1024,4,5.99,23.96
304,305,1041,1,4.95,4.95
305,306,1058,3,3.89,11.67
306,307,1072,2,1.5,3.0
307,308,1017,4,7.5,30.0
308,309,1042,1,4.45,4.45
309,310,1011,3,5.99,17.97
310,311,1080,4,2.49,9.96
311,312,1037,2,3.45,6.9
312,313,1011,4,5.99,23.96
313,314,1057,3,2.99,8.97
314,315,1019,3,4.5,13.5
315,316,1017,3,7.5,22.5
316,317,1051,3,5.99,17.97
317,318,1039,2,4.99,9.98
318,319,1036,1,3.5,3.5
319,320,1079,2,5.99,11.98
320,321,1022,4,4.3,17.2
321,322,1060,4,3.5,14.0
322,323,1016,3,15.0,45.0
323,324,1075,3,35.0,105.0
324,325,1063,2,3.99,7.98
325,326,1044,4,3.99,15.96
326,327,1045,2,5.99,11.98
327,328,1072,3,1.5,4.5
328,329,1022,2,4.3,8.6
329,330,1048,3,8.99,26.97
330,331,1064,2,12.5,25.0
331,332,1042,2,4.45,8.9
332,333,1002,3,1.99,5.97
333,334,1075,1,35.0,35.0
334,335,1006,4,6.0,24.0
335,336,1048,3,8.99,26.97
336,337,1038,2,4.0,8.0
337,338,1064,2,12.5,25.0
338,339,1032,2,9.99,19.98
339,340,1010,4,11.0,44.0
340,341,1046,1,4.99,4.99
341,342,1007,3,1.25,3.75
342,343,1011,2,5.99,11.98
343,344,1023,3,22.5,67.5
344,345,1011,1,5.99,5.99
345,346,1043,3,3.25,9.75
346,347,1041,3,4.95,14.85
347,348,1068,3,1.29,3.87
348,349,1024,3,5.99,17.97
349,350,1054,3,1.5,4.5
350,351,1023,4,22.5,90.0
351,352,1019,4,4.5,18.0
352,353,1007,1,1.25,1.25
353,354,1061,2,5.99,11.98
354,355,1013,4,13.5,54.0
355,356,1058,4,3.89,15.56
356,357,1077,3,34.5,103.5
357,358,1047,1,3.89,3.89
358,359,1086,4,15.9,63.6
359,360,1084,3,56.99,170.97
360,361,1025,3,4.99,14.97
361,362,1024,3,5.99,17.97
362,363,1020,3,2.5,7.5
363,364,1064,4,12.5,50.0
364,365,1068,2,1.29,2.58
365,366,1000,4,9.9,39.6
366,367,1065,2,5.99,11.98
367,368,1038,1,4.0,4.0
368,369,1045,3,5.99,17.97
369,370,1079,1,5.99,5.99
370,371,1006,1,6.0,6.0
371,372,1071,1,4.99,4.99
372,373,1035,2,3.99,7.98
373,374,1076,4,29.99,119.96
374,375,1005,1,2.5,2.5
375,376,1052,3,5.89,17.67
376,377,1033,1,2.32,2.32
377,378,1040,3,5.0,15.0
378,379,1046,2,4.99,9.98
379,380,1066,4,3.76,15.04
380,381,1023,2,22.5,45.0
381,382,1046,2,4.99,9.98
382,383,1043,1,3.25,3.25
383,384,1016,3,15.0,45.0
384,385,1023,4,22.5,90.0
385,386,1056,3,3.75,11.25
386,387,1039,3,4.99,14.97
387,388,1031,1,1.99,1.99
388,389,1079,4,5.99,23.96
389,390,1045,1,5.99,5.99
390,391,1074,4,2.49,9.96
391,392,1038,2,4.0,8.0
392,393,1079,3,5.99,17.97
393,394,1039,1,4.99,4.99
394,395,1068,4,1.29,5.16
395,396,1058,2,3.89,7.78
396,397,1038,4,4.0,16.0
397,398,1082,1,29.99,29.99
398,399,1062,4,5.99,23.96
399,400,1030,2,8.0,16.0
400,401,1044,2,3.99,7.98
401,402,1035,4,3.99,15.96
402,403,1017,1,7.5,7.5
403,404,1064,4,12.5,50.0
404,405,1033,1,2.32,2.32
405,406,1026,3,2.0,6.0
406,407,1013,4,13.5,54.0
407,408,1004,1,4.0,4.0
408,409,1065,1,5.99,5.99
409,410,1025,4,4.99,19.96
410,411,1074,2,2.49,4.98
411,412,1015,4,12.0,48.0
412,413,1065,4,5.99,23.96
413,414,1043,1,3.25,3.25
414,415,1072,1,1.5,1.5
415,416,1063,3,3.99,11.97
416,417,1033,3,2.32,6.96
417,418,1048,2,8.99,17.98
418,419,1031,2,1.99,3.98
419,420,1016,2,15.0,30.0
420,421,1029,1,10.0,10.0
421,422,1036,3,3.5,10.5
422,423,1038,1,4.0,4.0
423,424,1003,3,12.0,36.0
424,425,1016,1,15.0,15.0
425,426,1029,1,10.0,10.0
426,427,1060,2,3.5,7.0
427,428,1009,2,12.5,25.0
428,429,1084,1,56.99,56.99
429,430,1062,1,5.99,5.99
430,431,1081,1,11.5,11.5
431,432,1037,1,3.45,3.45
432,433,1047,4,3.89,15.56
433,434,1029,4,10.0,40.0
434,435,1071,4,4.99,19.96
435,436,1024,1,5.99,5.99
436,437,1019,3,4.5,13.5
437,438,1015,1,12.0,12.0
438,439,1030,1,8.0,8.0
439,440,1025,4,4.99,19.96
440,441,1049,3,5.99,17.97
441,442,1052,2,5.89,11.78
442,443,1086,4,15.9,63.6
443,444,1021,1,3.99,3.99
444,445,1065,1,5.99,5.99
445,446,1078,1,10.99,10.99
446,447,1082,4,29.99,119.96
447,448,1027,4,3.99,15.96
448,449,1033,2,2.32,4.64
449,450,1050,3,3.5,10.5
450,451,1065,1,5.99,5.99
451,452,1064,4,12.5,50.0
452,453,1010,3,11.0,33.0
453,454,1043,3,3.25,9.75
454,455,1012,1,7.95,7.95
455,456,1042,1,4.45,4.45
456,457,1015,1,12.0,12.0
457,458,1052,3,5.89,17.67
458,459,1076,4,29.99,119.96
459,460,1031,2,1.99,3.98
460,461,1071,2,4.99,9.98
461,462,1061,2,5.99,11.98
462,463,1065,4,5.99,23.96
463,464,1054,4,1.5,6.0
464,465,1075,1,35.0,35.0
465,466,1062,3,5.99,17.97
466,467,1008,3,8.5,25.5
467,468,1034,4,3.75,15.0
468,469,1016,2,15.0,30.0
469,470,1085,4,64.99,259.96
470,471,1057,2,2.99,5.98
471,472,1012,1,7.95,7.95
472,473,1058,4,3.89,15.56
473,474,1018,4,4.99,19.96
474,475,1084,1,56.99,56.99
475,476,1063,1,3.99,3.99
476,477,1018,2,4.99,9.98
477,478,1064,4,12.5,50.0
478,479,1084,2,56.99,113.98
479,480,1066,3,3.76,11.28
480,481,1068,2,1.29,2.58
481,482,1012,4,7.95,31.8
482,483,1006,3,6.0,18.0
483,484,1012,2,7.95,15.9
484,485,1085,3,64.99,194.97
485,486,1007,2,1.25,2.5
486,487,1017,1,7.5,7.5
487,488,1041,4,4.95,19.8
488,489,1055,1,3.99,3.99
489,490,1055,1,3.99,3.99
490,491,1067,1,2.99,2.99
491,492,1061,2,5.99,11.98
492,493,1031,4,1.99,7.96
493,494,1006,4,6.0,24.0
494,495,1008,3,8.5,25.5
495,496,1084,3,56.99,170.97
496,497,1059,4,4.0,16.0
497,498,1086,1,15.9,15.9
498,499,1067,1,2.99,2.99
499,500,1011,4,5.99,23.96
500,501,1051,2,5.99,11.98
501,502,1000,2,9.9,19.8
502,503,1027,2,3.99,7.98
503,504,1043,4,3.25,13.0
504,505,1041,2,4.95,9.9
505,506,1077,3,34.5,103.5
506,507,1065,3,5.99,17.97
507,508,1069,1,3.49,3.49
508,509,1020,3,2.5,7.5
509,510,1044,3,3.99,11.97
510,511,1006,1,6.0,6.0
511,512,1041,4,4.95,19.8
512,513,1031,1,1.99,1.99
513,514,1042,2,4.45,8.9
514,515,1086,1,15.9,15.9
515,516,1005,4,2.5,10.0
516,517,1029,3,10.0,30.0
517,518,1074,3,2.49,7.47
518,519,1008,2,8.5,17.0
519,520,1078,3,10.99,32.97
520,521,1079,4,5.99,23.96
521,522,1049,1,5.99,5.99
522,523,1039,3,4.99,14.97
523,524,1053,3,1.5,4.5
524,525,1009,3,12.5,37.5
525,526,1019,1,4.5,4.5
526,527,1041,3,4.95,14.85
527,528,1034,3,3.75,11.25
528,529,1065,1,5.99,5.99
529,530,1078,1,10.99,10.99
530,531,1007,4,1.25,5.0
531,532,1025,1,4.99,4.99
532,533,1050,4,3.5,14.0
533,534,1017,4,7.5,30.0
534,535,1022,4,4.3,17.2
535,536,1009,3,12.5,37.5
536,537,1073,3,1.5,4.5
537,538,1034,4,3.75,15.0
538,539,1042,2,4.45,8.9
539,540,1047,3,3.89,11.67
540,541,1066,1,3.76,3.76
541,542,1035,1,3.99,3.99
542,543,1036,1,3.5,3.5
543,544,1067,3,2.99,8.97
544,545,1037,3,3.45,10.35
545,546,1074,4,2.49,9.96
546,547,1042,4,4.45,17.8
547,548,1047,3,3.89,11.67
548,549,1021,1,3.99,3.99
549,550,1020,1,2.5,2.5
550,551,1029,4,10.0,40.0
551,552,1068,3,1.29,3.87
552,553,1012,3,7.95,23.85
553,554,1018,4,4.99,19.96
554,555,1061,3,5.99,17.97
555,556,1034,3,3.75,11.25
556,557,1044,3,3.99,11.97
557,558,1034,1,3.75,3.75
558,559,1064,4,12.5,50.0
559,560,1074,3,2.49,7.47
560,561,1006,2,6.0,12.0
561,562,1066,1,3.76,3.76
562,563,1043,2,3.25,6.5
563,564,1030,3,8.0,24.0
564,565,1012,3,7.95,23.85
565,566,1057,2,2.99,5.98
566,567,1066,4,3.76,15.04
567,568,1051,2,5.99,11.98
568,569,1034,3,3.75,11.25
569,570,1078,2,10.99,21.98
570,571,1071,2,4.99,9.98
571,572,1005,1,2.5,2.5
572,573,1020,1,2.5,2.5
573,574,1077,1,34.5,34.5
574,575,1055,3,3.99,11.97
575,576,1042,4,4.45,17.8
576,577,1079,3,5.99,17.97
577,578,1060,1,3.5,3.5
578,579,1054,2,1.5,3.0
579,580,1027,2,3.99,7.98
580,581,1026,3,2.0,6.0
581,582,1003,3,12.0,36.0
582,583,1082,2,29.99,59.98
583,584,1046,4,4.99,19.96
584,585,1066,3,3.76,11.28
585,586,1000,1,9.9,9.9
586,587,1079,3,5.99,17.97
587,588,1053,1,1.5,1.5
588,589,1044,4,3.99,15.96
589,590,1064,4,12.5,50.0
590,591,1023,4,22.5,90.0
591,592,1082,2,29.99,59.98
592,593,1001,3,22.0,66.0
593,594,1083,2,1.99,3.98
594,595,1070,4,3.99,15.96
595,596,1027,2,3.99,7.98
596,597,1034,1,3.75,3.75
597,598,1044,4,3.99,15.96
598,599,1026,4,2.0,8.0
599,600,1057,4,2.99,11.96
600,601,1019,1,4.5,4.5
601,602,1059,2,4.0,8.0
602,603,1025,1,4.99,4.99
603,604,1066,3,3.76,11.28
604,605,1073,1,1.5,1.5
605,606,1048,2,8.99,17.98
606,607,1004,2,4.0,8.0
607,608,1004,4,4.0,16.0
608,609,1022,2,4.3,8.6
609,610,1054,2,1.5,3.0
610,611,1057,4,2.99,11.96
611,612,1011,1,5.99,5.99
612,613,1009,3,12.5,37.5
613,614,1008,4,8.5,34.0
614,615,1020,1,2.5,2.5
615,616,1034,4,3.75,15.0
616,617,1061,4,5.99,23.96
617,618,1038,4,4.0,16.0
618,619,1032,2,9.99,19.98
619,620,1059,1,4.0,4.0
620,621,1048,4,8.99,35.96
621,622,1034,4,3.75,15.0
622,623,1017,1,7.5,7.5
623,624,1010,4,11.0,44.0
624,625,1036,3,3.5,10.5
625,626,1076,2,29.99,59.98
626,627,1086,4,15.9,63.6
627,628,1035,3,3.99,11.97
628,629,1068,1,1.29,1.29
629,630,1013,3,13.5,40.5
630,631,1034,3,3.75,11.25
631,632,1020,1,2.5,2.5
632,633,1082,4,29.99,119.96
633,634,1044,4,3.99,15.96
634,635,1009,2,12.5,25.0
635,636,1005,3,2.5,7.5
636,637,1071,1,4.99,4.99
637,638,1083,4,1.99,7.96
638,639,1005,3,2.5,7.5
639,640,1033,1,2.32,2.32
640,641,1041,4,4.95,19.8
641,642,1062,4,5.99,23.96
642,643,1085,3,64.99,194.97
643,644,1077,1,34.5,34.5
644,645,1024,1,5.99,5.99
645,646,1071,2,4.99,9.98
646,647,1001,4,22.0,88.0
647,648,1017,4,7.5,30.0
648,649,1063,4,3.99,15.96
649,650,1026,3,2.0,6.0
650,651,1017,2,7.5,15.0
651,652,1035,1,3.99,3.99
652,653,1080,1,2.49,2.49
653,654,1065,1,5.99,5.99
654,655,1012,2,7.95,15.9
655,656,1026,3,2.0,6.0
656,657,1040,1,5.0,5.0
657,658,1011,1,5.99,5.99
658,659,1030,2,8.0,16.0
659,660,1020,3,2.5,7.5
660,661,1028,4,3.2,12.8
661,662,1059,3,4.0,12.0
662,663,1058,3,3.89,11.67
663,664,1042,3,4.45,13.35
664,665,1082,1,29.99,29.99
665,666,1001,3,22.0,66.0
666,667,1078,2,10.99,21.98
667,668,1013,4,13.5,54.0
668,669,1060,3,3.5,10.5
669,670,1042,3,4.45,13.35
670,671,1042,3,4.45,13.35
671,672,1035,4,3.99,15.96
672,673,1084,1,56.99,56.99
673,674,1057,4,2.99,11.96
674,675,1051,3,5.99,17.97
675,676,1046,4,4.99,19.96
676,677,1056,3,3.75,11.25
677,678,1012,2,7.95,15.9
678,679,1067,2,2.99,5.98
679,680,1033,1,2.32,2.32
680,681,1010,3,11.0,33.0
681,682,1067,1,2.99,2.99
682,683,1048,3,8.99,26.97
683,684,1064,3,12.5,37.5
684,685,1010,3,11.0,33.0
685,686,1035,4,3.99,15.96
686,687,1032,3,9.99,29.97
687,688,1056,2,3.75,7.5
688,689,1028,4,3.2,12.8
689,690,1057,4,2.99,11.96
690,691,1071,1,4.99,4.99
691,692,1040,2,5.0,10.0
692,693,1023,3,22.5,67.5
693,694,1030,3,8.0,24.0
694,695,1052,2,5.89,11.78
695,696,1008,3,8.5,25.5
696,697,1023,3,22.5,67.5
697,698,1073,4,1.5,6.0
698,699,1063,4,3.99,15.96
699,700,1066,3,3.76,11.28
700,701,1017,4,7.5,30.0
701,702,1031,3,1.99,5.97
702,703,1075,1,35.0,35.0
703,704,1064,3,12.5,37.5
704,705,1038,3,4.0,12.0
705,706,1032,3,9.99,29.97
706,707,1046,2,4.99,9.98
707,708,1040,1,5.0,5.0
708,709,1060,2,3.5,7.0
709,710,1086,4,15.9,63.6
710,711,1013,4,13.5,54.0
711,712,1073,1,1.5,1.5
712,713,1086,3,15.9,47.7
713,714,1070,2,3.99,7.98
714,715,1069,1,3.49,3.49
715,716,1075,2,35.0,70.0
716,717,1014,1,8.99,8.99
717,718,1080,4,2.49,9.96
718,719,1057,3,2.99,8.97
719,720,1076,3,29.99,89.97
720,721,1004,2,4.0,8.0
721,722,1044,4,3.99,15.96
722,723,1045,2,5.99,11.98
723,724,1008,2,8.5,17.0
724,725,1054,3,1.5,4.5
725,726,1072,2,1.5,3.0
726,727,1025,1,4.99,4.99
727,728,1027,4,3.99,15.96
728,729,1006,1,6.0,6.0
729,730,1023,1,22.5,22.5
730,731,1063,3,3.99,11.97
731,732,1068,3,1.29,3.87
732,733,1012,2,7.95,15.9
733,734,1041,1,4.95,4.95
734,735,1009,1,12.5,12.5
735,736,1034,1,3.75,3.75
736,737,1013,2,13.5,27.0
737,738,1032,2,9.99,19.98
738,739,1052,3,5.89,17.67
739,740,1011,3,5.99,17.97
740,741,1067,2,2.99,5.98
741,742,1042,3,4.45,13.35
742,743,1050,1,3.5,3.5
743,744,1037,3,3.45,10.35
744,745,1017,1,7.5,7.5
745,746,1086,4,15.9,63.6
746,747,1053,1,1.5,1.5
747,748,1051,3,5.99,17.97
748,749,1008,4,8.5,34.0
749,750,1043,1,3.25,3.25
750,751,1022,2,4.3,8.6
751,752,1051,4,5.99,23.96
752,753,1035,3,3.99,11.97
753,754,1062,2,5.99,11.98
754,755,1078,3,10.99,32.97
755,756,1011,4,5.99,23.96
756,757,1003,2,12.0,24.0
757,758,1082,1,29.99,29.99
758,759,1003,1,12.0,12.0
759,760,1085,1,64.99,64.99
760,761,1048,2,8.99,17.98
761,762,1054,2,1.5,3.0
762,763,1025,3,4.99,14.97
763,764,1039,2,4.99,9.98
764,765,1056,3,3.75,11.25
765,766,1029,4,10.0,40.0
766,767,1037,2,3.45,6.9
767,768,1069,3,3.49,10.47
768,769,1030,2,8.0,16.0
769,770,1019,2,4.5,9.0
770,771,1084,4,56.99,227.96
771,772,1068,1,1.29,1.29
772,773,1045,2,5.99,11.98
774,775,1016,2,15.0,30.0
775,776,1050,2,3.5,7.0
776,777,1030,4,8.0,32.0
777,778,1034,2,3.75,7.5
778,779,1000,2,9.9,19.8
779,780,1030,4,8.0,32.0
780,781,1014,2,8.99,17.98
781,782,1043,1,3.25,3.25
782,783,1072,3,1.5,4.5
783,784,1048,2,8.99,17.98
784,785,1056,3,3.75,11.25
785,786,1000,1,9.9,9.9
786,787,1029,3,10.0,30.0
787,788,1007,1,1.25,1.25
788,789,1067,4,2.99,11.96
789,790,1043,1,3.25,3.25
790,791,1018,1,4.99,4.99
791,792,1014,2,8.99,17.98
792,793,1072,3,1.5,4.5
793,794,1077,3,34.5,103.5
794,795,1034,1,3.75,3.75
795,796,1078,2,10.99,21.98
796,797,1079,2,5.99,11.98
798,799,1077,2,34.5,69.0
799,800,1023,4,22.5,90.0
800,801,1069,1,3.49,3.49
801,802,1064,4,12.5,50.0
802,803,1080,1,2.49,2.49
803,804,1009,4,12.5,50.0
804,805,1023,4,22.5,90.0
805,806,1036,4,3.5,14.0
806,807,1003,3,12.0,36.0
807,808,1009,3,12.5,37.5
808,809,1012,1,7.95,7.95
809,810,1009,1,12.5,12.5
810,811,1073,4,1.5,6.0
811,812,1037,3,3.45,10.35
812,813,1071,4,4.99,19.96
813,814,1008,4,8.5,34.0
814,815,1073,1,1.5,1.5
815,816,1009,4,12.5,50.0
816,817,1049,4,5.99,23.96
817,818,1077,2,34.5,69.0
818,819,1016,1,15.0,15.0
819,820,1054,2,1.5,3.0
820,821,1033,1,2.32,2.32
821,822,1012,2,7.95,15.9
822,823,1025,3,4.99,14.97
823,824,1035,2,3.99,7.98
824,825,1063,3,3.99,11.97
825,826,1069,1,3.49,3.49
826,827,1014,3,8.99,26.97
827,828,1085,3,64.99,194.97
829,830,1057,1,2.99,2.99
830,831,1035,3,3.99,11.97
831,832,1051,2,5.99,11.98
832,833,1010,2,11.0,22.0
833,834,1050,3,3.5,10.5
834,835,1044,1,3.99,3.99
835,836,1045,2,5.99,11.98
836,837,1022,1,4.3,4.3
837,838,1019,3,4.5,13.5
838,839,1021,3,3.99,11.97
839,840,1069,4,3.49,13.96
840,841,1081,4,11.5,46.0
841,842,1002,1,1.99,1.99
842,843,1083,3,1.99,5.97
843,844,1029,4,10.0,40.0
844,845,1084,4,56.99,227.96
845,846,1000,4,9.9,39.6
846,847,1075,3,35.0,105.0
847,848,1064,2,12.5,25.0
848,849,1028,4,3.2,12.8
849,850,1066,3,3.76,11.28
850,851,1083,1,1.99,1.99
851,852,1068,4,1.29,5.16
852,853,1034,3,3.75,11.25
853,854,1070,1,3.99,3.99
854,855,1017,2,7.5,15.0
855,856,1035,3,3.99,11.97
857,858,1063,4,3.99,15.96
858,859,1043,2,3.25,6.5
859,860,1053,3,1.5,4.5
860,861,1026,1,2.0,2.0
861,862,1021,4,3.99,15.96
862,863,1083,3,1.99,5.97
863,864,1063,2,3.99,7.98
864,865,1050,3,3.5,10.5
865,866,1002,4,1.99,7.96
866,867,1084,1,56.99,56.99
867,868,1033,2,2.32,4.64
868,869,1032,1,9.99,9.99
869,870,1009,1,12.5,12.5
870,871,1005,4,2.5,10.0
871,872,1057,3,2.99,8.97
872,873,1074,4,2.49,9.96
873,874,1011,1,5.99,5.99
874,875,1038,4,4.0,16.0
875,876,1028,4,3.2,12.8
876,877,1079,3,5.99,17.97
877,878,1072,3,1.5,4.5
878,879,1076,1,29.99,29.99
881,882,1021,4,3.99,15.96
882,883,1064,2,12.5,25.0
883,884,1047,4,3.89,15.56
884,885,1059,2,4.0,8.0
885,886,1070,2,3.99,7.98
886,887,1040,4,5.0,20.0
887,888,1058,1,3.89,3.89
888,889,1047,1,3.89,3.89
889,890,1004,2,4.0,8.0
890,891,1066,4,3.76,15.04
891,892,1031,1,1.99,1.99
892,893,1039,2,4.99,9.98
893,894,1052,4,5.89,23.56
894,895,1043,2,3.25,6.5
895,896,1072,2,1.5,3.0
896,897,1076,3,29.99,89.97
897,898,1006,3,6.0,18.0
898,899,1027,1,3.99,3.99
899,900,1007,2,1.25,2.5
900,901,1014,3,8.99,26.97
901,902,1018,4,4.99,19.96
902,903,1084,3,56.99,170.97
903,904,1065,4,5.99,23.96
904,905,1015,2,12.0,24.0
905,906,1008,1,8.5,8.5
906,907,1028,1,3.2,3.2
907,908,1040,3,5.0,15.0
908,909,1039,2,4.99,9.98
909,910,1074,2,2.49,4.98
910,911,1070,3,3.99,11.97
911,912,1082,3,29.99,89.97
912,913,1082,3,29.99,89.97
913,914,1008,3,8.5,25.5
914,915,1058,3,3.89,11.67
915,916,1019,4,4.5,18.0
916,917,1027,1,3.99,3.99
917,918,1034,1,3.75,3.75
918,919,1076,1,29.99,29.99
919,920,1082,4,29.99,119.96
920,921,1005,2,2.5,5.0
921,922,1065,3,5.99,17.97
922,923,1066,2,3.76,7.52
923,924,1034,3,3.75,11.25
924,925,1009,4,12.5,50.0
925,926,1081,4,11.5,46.0
926,927,1080,4,2.49,9.96
927,928,1004,4,4.0,16.0
928,929,1003,1,12.0,12.0
929,930,1034,4,3.75,15.0
931,932,1028,3,3.2,9.6
932,933,1030,3,8.0,24.0
933,934,1071,2,4.99,9.98
934,935,1008,1,8.5,8.5
935,936,1029,1,10.0,10.0
936,937,1055,3,3.99,11.97
937,938,1059,4,4.0,16.0
938,939,1045,1,5.99,5.99
939,940,1032,4,9.99,39.96
940,941,1018,2,4.99,9.98
941,942,1050,4,3.5,14.0
942,943,1045,3,5.99,17.97
943,944,1079,1,5.99,5.99
944,945,1053,2,1.5,3.0
945,946,1002,1,1.99,1.99
946,947,1044,3,3.99,11.97
947,948,1062,4,5.99,23.96
948,949,1076,3,29.99,89.97
949,950,1013,2,13.5,27.0
950,951,1012,3,7.95,23.85
951,952,1026,1,2.0,2.0
952,953,1058,1,3.89,3.89
953,954,1012,3,7.95,23.85
954,955,1028,2,3.2,6.4
955,956,1075,2,35.0,70.0
956,957,1076,1,29.99,29.99
957,958,1042,3,4.45,13.35
958,959,1058,2,3.89,7.78
959,960,1077,1,34.5,34.5
960,961,1057,3,2.99,8.97
961,962,1070,1,3.99,3.99
962,963,1055,3,3.99,11.97
963,964,1065,2,5.99,11.98
964,965,1003,3,12.0,36.0
965,966,1058,1,3.89,3.89
966,967,1038,4,4.0,16.0
967,968,1003,1,12.0,12.0
968,969,1072,2,1.5,3.0
970,971,1075,2,35.0,70.0
971,972,1030,3,8.0,24.0
972,973,1063,4,3.99,15.96
973,974,1055,2,3.99,7.98
974,975,1015,1,12.0,12.0
975,976,1042,3,4.45,13.35
976,977,1003,4,12.0,48.0
977,978,1085,3,64.99,194.97
978,979,1080,1,2.49,2.49
979,980,1031,1,1.99,1.99
980,981,1068,1,1.29,1.29
981,982,1005,4,2.5,10.0
982,983,1070,1,3.99,3.99
983,984,1007,3,1.25,3.75
984,985,1035,1,3.99,3.99
985,986,1003,1,12.0,12.0
986,987,1032,2,9.99,19.98
987,988,1015,3,12.0,36.0
988,989,1044,1,3.99,3.99
989,990,1017,3,7.5,22.5
990,991,1072,3,1.5,4.5
991,992,1015,4,12.0,48.0
992,993,1063,1,3.99,3.99
993,994,1000,1,9.9,9.9
994,995,1062,2,5.99,11.98
996,997,1064,4,12.5,50.0
997,998,1036,1,3.5,3.5
998,999,1032,1,9.99,9.99
999,1000,1025,3,4.99,14.97
1000,1001,1073,1,1.5,1.5
1001,1002,1073,3,1.5,4.5
1002,1003,1024,3,5.99,17.97
1003,1004,1052,4,5.89,23.56
1004,1005,1034,3,3.75,11.25
1005,1006,1010,3,11.0,33.0
1006,1007,1083,3,1.99,5.97
1007,1008,1030,3,8.0,24.0
1008,1009,1084,4,56.99,227.96
1009,1010,1001,2,22.0,44.0
1010,1011,1073,3,1.5,4.5
1011,1012,1016,4,15.0,60.0
1012,1013,1066,1,3.76,3.76
1013,1014,1069,3,3.49,10.47
1014,1015,1001,2,22.0,44.0
1015,1016,1043,4,3.25,13.0
1016,1017,1063,2,3.99,7.98
1018,1019,1037,4,3.45,13.8
1019,1020,1014,3,8.99,26.97
1020,1021,1067,3,2.99,8.97
1021,1022,1057,3,2.99,8.97
1022,1023,1060,4,3.5,14.0
1023,1024,1054,4,1.5,6.0
1024,1025,1025,4,4.99,19.96
1025,1026,1069,2,3.49,6.98
1026,1027,1042,1,4.45,4.45
1027,1028,1077,4,34.5,138.0
1028,1029,1072,3,1.5,4.5
1029,1030,1078,3,10.99,32.97
1030,1031,1066,1,3.76,3.76
1031,1032,1017,1,7.5,7.5
1032,1033,1010,4,11.0,44.0
1033,1034,1008,2,8.5,17.0
1034,1035,1015,3,12.0,36.0
1035,1036,1046,2,4.99,9.98
1036,1037,1009,1,12.5,12.5
1037,1038,1061,1,5.99,5.99
1038,1039,1018,1,4.99,4.99
1039,1040,1033,3,2.32,6.96
1040,1041,1014,2,8.99,17.98
1041,1042,1028,2,3.2,6.4
1042,1043,1065,3,5.99,17.97
1043,1044,1013,3,13.5,40.5
1044,1045,1010,2,11.0,22.0
1045,1046,1021,2,3.99,7.98
1046,1047,1007,2,1.25,2.5
1047,1048,1002,2,1.99,3.98
1048,1049,1075,1,35.0,35.0
1049,1050,1078,1,10.99,10.99
1050,1051,1083,1,1.99,1.99
1051,1052,1038,1,4.0,4.0
1052,1053,1022,2,4.3,8.6
1053,1054,1029,4,10.0,40.0
1054,1055,1011,3,5.99,17.97
1055,1056,1042,2,4.45,8.9
1056,1057,1015,3,12.0,36.0
1057,1058,1051,1,5.99,5.99
1058,1059,1071,4,4.99,19.96
1059,1060,1084,1,56.99,56.99
1060,1061,1066,2,3.76,7.52
1061,1062,1047,1,3.89,3.89
1062,1063,1011,1,5.99,5.99
1063,1064,1051,4,5.99,23.96
1064,1065,1029,2,10.0,20.0
1065,1066,1017,2,7.5,15.0
1066,1067,1024,3,5.99,17.97
1067,1068,1020,1,2.5,2.5
1068,1069,1069,4,3.49,13.96
1069,1070,1015,3,12.0,36.0
1070,1071,1078,2,10.99,21.98
1071,1072,1063,2,3.99,7.98
1072,1073,1019,3,4.5,13.5
1073,1074,1074,1,2.49,2.49
1074,1075,1068,4,1.29,5.16
1075,1076,1037,3,3.45,10.35
1076,1077,1078,2,10.99,21.98
1077,1078,1021,1,3.99,3.99
1078,1079,1011,4,5.99,23.96
1079,1080,1012,3,7.95,23.85
1080,1081,1024,4,5.99,23.96
1081,1082,1082,4,29.99,119.96
1082,1083,1014,1,8.99,8.99
1083,1084,1082,1,29.99,29.99
1084,1085,1048,1,8.99,8.99
1085,1086,1043,4,3.25,13.0
1086,1087,1083,1,1.99,1.99
1087,1088,1049,4,5.99,23.96
1088,1089,1020,2,2.5,5.0
1089,1090,1005,4,2.5,10.0
1090,1091,1064,2,12.5,25.0
1091,1092,1073,2,1.5,3.0
1092,1093,1061,4,5.99,23.96
1093,1094,1050,3,3.5,10.5
1094,1095,1065,1,5.99,5.99
1095,1096,1051,1,5.99,5.99
1096,1097,1001,1,22.0,22.0
1097,1098,1070,1,3.99,3.99
1098,1099,1081,4,11.5,46.0
1099,1100,1025,4,4.99,19.96
1100,1101,1005,1,2.5,2.5
1101,1102,1025,2,4.99,9.98
1102,1103,1053,1,1.5,1.5
1103,1104,1079,2,5.99,11.98
1104,1105,1050,1,3.5,3.5
1105,1106,1012,4,7.95,31.8
1106,1107,1027,1,3.99,3.99
1107,1108,1051,4,5.99,23.96
1108,1109,1048,2,8.99,17.98
1109,1110,1032,1,9.99,9.99
1110,1111,1001,2,22.0,44.0
1111,1112,1050,1,3.5,3.5
1112,1113,1000,3,9.9,29.7
1113,1114,1034,4,3.75,15.0
1114,1115,1006,3,6.0,18.0
1115,1116,1036,1,3.5,3.5
1116,1117,1008,4,8.5,34.0
1117,1118,1028,3,3.2,9.6
1118,1119,1029,3,10.0,30.0
1119,1120,1079,3,5.99,17.97
1120,1121,1042,2,4.45,8.9
1121,1122,1012,1,7.95,7.95
1122,1123,1020,2,2.5,5.0
1123,1124,1082,1,29.99,29.99
1124,1125,1069,4,3.49,13.96
1125,1126,1080,1,2.49,2.49
1126,1127,1025,2,4.99,9.98
1127,1128,1078,4,10.99,43.96
1128,1129,1072,2,1.5,3.0
1129,1130,1021,2,3.99,7.98
1130,1131,1063,4,3.99,15.96
1131,1132,1052,1,5.89,5.89
1132,1133,1015,4,12.0,48.0
1133,1134,1047,2,3.89,7.78
1134,1135,1057,4,2.99,11.96
1135,1136,1058,4,3.89,15.56
1136,1137,1030,3,8.0,24.0
1137,1138,1065,3,5.99,17.97
1138,1139,1081,4,11.5,46.0
1139,1140,1006,4,6.0,24.0
1140,1141,1004,3,4.0,12.0
1141,1142,1055,2,3.99,7.98
1142,1143,1036,3,3.5,10.5
1143,1144,1028,4,3.2,12.8
1144,1145,1085,3,64.99,194.97
1145,1146,1041,4,4.95,19.8
1146,1147,1048,3,8.99,26.97
1147,1148,1049,4,5.99,23.96
1148,1149,1060,4,3.5,14.0
1149,1150,1060,4,3.5,14.0
1150,1151,1041,4,4.95,19.8
1151,1152,1058,4,3.89,15.56
1152,1153,1030,4,8.0,32.0
1153,1154,1079,2,5.99,11.98
1154,1155,1006,4,6.0,24.0
1155,1156,1063,1,3.99,3.99
1156,1157,1040,1,5.0,5.0
1157,1158,1059,4,4.0,16.0
1158,1159,1014,4,8.99,35.96
1159,1160,1010,1,11.0,11.0
1160,1161,1040,1,5.0,5.0
1161,1162,1013,1,13.5,13.5
1162,1163,1018,3,4.99,14.97
1163,1164,1043,4,3.25,13.0
1164,1165,1051,1,5.99,5.99
1165,1166,1006,1,6.0,6.0
1166,1167,1025,3,4.99,14.97
1167,1168,1067,4,2.99,11.96
1168,1169,1051,4,5.99,23.96
1169,1170,1056,3,3.75,11.25
1170,1171,1070,2,3.99,7.98
1171,1172,1086,1,15.9,15.9
1172,1173,1086,4,15.9,63.6
1173,1174,1041,1,4.95,4.95
1174,1175,1001,3,22.0,66.0
1175,1176,1078,1,10.99,10.99
1176,1177,1008,2,8.5,17.0
1177,1178,1067,3,2.99,8.97
1178,1179,1077,3,34.5,103.5
1179,1180,1075,1,35.0,35.0
1180,1181,1019,3,4.5,13.5
1181,1182,1070,3,3.99,11.97
1182,1183,1066,1,3.76,3.76
1183,1184,1054,1,1.5,1.5
1184,1185,1045,4,5.99,23.96
1185,1186,1069,2,3.49,6.98
1186,1187,1007,4,1.25,5.0
1187,1188,1026,1,2.0,2.0
1188,1189,1086,1,15.9,15.9
1189,1190,1029,2,10.0,20.0
1190,1191,1026,3,2.0,6.0
1191,1192,1032,3,9.99,29.97
1192,1193,1024,2,5.99,11.98
1193,1194,1076,4,29.99,119.96
1194,1195,1086,2,15.9,31.8
1195,1196,1032,3,9.99,29.97
1196,1197,1030,4,8.0,32.0
1197,1198,1047,1,3.89,3.89
1198,1199,1049,3,5.99,17.97
1199,1200,1040,2,5.0,10.0
1200,1201,1076,4,29.99,119.96
1201,1202,1014,2,8.99,17.98
1202,1203,1028,4,3.2,12.8
1203,1204,1065,2,5.99,11.98
1204,1205,1085,1,64.99,64.99
1205,1206,1061,1,5.99,5.99
1206,1207,1048,3,8.99,26.97
1207,1208,1004,2,4.0,8.0
1208,1209,1029,3,10.0,30.0
1209,1210,1078,4,10.99,43.96
1210,1211,1001,3,22.0,66.0
1211,1212,1048,4,8.99,35.96
1212,1213,1034,2,3.75,7.5
1213,1214,1001,4,22.0,88.0
1214,1215,1026,1,2.0,2.0
1215,1216,1035,4,3.99,15.96
1216,1217,1032,2,9.99,19.98
1217,1218,1075,4,35.0,140.0
1218,1219,1079,2,5.99,11.98
1219,1220,1007,2,1.25,2.5
1220,1221,1038,3,4.0,12.0
1221,1222,1077,3,34.5,103.5
1222,1223,1051,2,5.99,11.98
1223,1224,1002,2,1.99,3.98
1224,1225,1047,1,3.89,3.89
1225,1226,1019,2,4.5,9.0
1226,1227,1085,2,64.99,129.98
1227,1228,1082,2,29.99,59.98
1228,1229,1081,3,11.5,34.5
1229,1230,1076,1,29.99,29.99
1230,1231,1075,4,35.0,140.0
1231,1232,1034,1,3.75,3.75
1232,1233,1060,2,3.5,7.0
1233,1234,1077,4,34.5,138.0
1234,1235,1004,3,4.0,12.0
1235,1236,1055,4,3.99,15.96
1236,1237,1067,2,2.99,5.98
1237,1238,1029,1,10.0,10.0
1238,1239,1064,1,12.5,12.5
1239,1240,1016,4,15.0,60.0
1240,1241,1054,2,1.5,3.0
1241,1242,1023,3,22.5,67.5
1242,1243,1061,1,5.99,5.99
1243,1244,1036,1,3.5,3.5
1244,1245,1022,3,4.3,12.9
1245,1246,1007,4,1.25,5.0
1246,1247,1038,2,4.0,8.0
1247,1248,1086,1,15.9,15.9
1248,1249,1057,1,2.99,2.99
1249,1250,1036,4,3.5,14.0
1250,1251,1004,4,4.0,16.0
1251,1252,1059,4,4.0,16.0
1252,1253,1017,1,7.5,7.5
1253,1254,1081,1,11.5,11.5
1254,1255,1083,2,1.99,3.98
1255,1256,1004,1,4.0,4.0
1256,1257,1004,2,4.0,8.0
1257,1258,1044,3,3.99,11.97
1258,1259,1033,4,2.32,9.28
1259,1260,1032,2,9.99,19.98
1260,1261,1003,4,12.0,48.0
1261,1262,1020,2,2.5,5.0
1262,1263,1040,4,5.0,20.0
1263,1264,1056,1,3.75,3.75
1264,1265,1071,4,4.99,19.96
1265,1266,1019,2,4.5,9.0
1266,1267,1043,2,3.25,6.5
1267,1268,1048,2,8.99,17.98
1268,1269,1021,2,3.99,7.98
1269,1270,1017,2,7.5,15.0
1270,1271,1049,4,5.99,23.96
1271,1272,1060,2,3.5,7.0
1272,1273,1041,1,4.95,4.95
1273,1274,1001,2,22.0,44.0
1274,1275,1041,4,4.95,19.8
1275,1276,1083,2,1.99,3.98
1276,1277,1030,4,8.0,32.0
1277,1278,1000,4,9.9,39.6
1278,1279,1057,3,2.99,8.97
1279,1280,1068,2,1.29,2.58
1280,1281,1067,3,2.99,8.97
1281,1282,1042,2,4.45,8.9
1282,1283,1044,3,3.99,11.97
1283,1284,1041,1,4.95,4.95
1284,1285,1028,2,3.2,6.4
1285,1286,1045,2,5.99,11.98
1286,1287,1041,2,4.95,9.9
1287,1288,1082,1,29.99,29.99
1288,1289,1086,2,15.9,31.8
1289,1290,1013,2,13.5,27.0
1290,1291,1041,3,4.95,14.85
1291,1292,1012,2,7.95,15.9
1292,1293,1041,1,4.95,4.95
1293,1294,1077,1,34.5,34.5
1294,1295,1035,3,3.99,11.97
1295,1296,1024,3,5.99,17.97
1296,1297,1064,3,12.5,37.5
1297,1298,1066,1,3.76,3.76
1298,1299,1014,3,8.99,26.97
1299,1300,1000,2,9.9,19.8
1300,1301,1049,4,5.99,23.96
1301,1302,1053,2,1.5,3.0
1302,1303,1077,2,34.5,69.0
1303,1304,1029,4,10.0,40.0
1304,1305,1031,3,1.99,5.97
1305,1306,1052,3,5.89,17.67
1306,1307,1056,2,3.75,7.5
1307,1308,1029,3,10.0,30.0
1308,1309,1033,3,2.32,6.96
1309,1310,1059,2,4.0,8.0
1310,1311,1060,2,3.5,7.0
1311,1312,1017,4,7.5,30.0
1312,1313,1027,3,3.99,11.97
1313,1314,1053,4,1.5,6.0
1314,1315,1016,2,15.0,30.0
1315,1316,1020,4,2.5,10.0
1316,1317,1063,4,3.99,15.96
1317,1318,1039,2,4.99,9.98
1318,1319,1008,2,8.5,17.0
1319,1320,1051,4,5.99,23.96
1320,1321,1028,2,3.2,6.4
1321,1322,1009,3,12.5,37.5
1322,1323,1013,2,13.5,27.0
1323,1324,1049,4,5.99,23.96
1324,1325,1042,4,4.45,17.8
1325,1326,1045,3,5.99,17.97
1326,1327,1036,1,3.5,3.5
1327,1328,1021,1,3.99,3.99
1328,1329,1039,1,4.99,4.99
1329,1330,1046,3,4.99,14.97
1330,1331,1079,4,5.99,23.96
1331,1332,1030,1,8.0,8.0
1332,1333,1027,2,3.99,7.98
1333,1334,1052,4,5.89,23.56
1334,1335,1005,1,2.5,2.5
1335,1336,1009,3,12.5,37.5
1336,1337,1015,2,12.0,24.0
1337,1338,1069,1,3.49,3.49
1338,1339,1066,4,3.76,15.04
1339,1340,1000,3,9.9,29.7
1340,1341,1048,4,8.99,35.96
1341,1342,1055,4,3.99,15.96
1342,1343,1042,1,4.45,4.45
1343,1344,1059,3,4.0,12.0
1344,1345,1048,3,8.99,26.97
1345,1346,1010,2,11.0,22.0
1346,1347,1022,2,4.3,8.6
1347,1348,1073,4,1.5,6.0
1348,1349,1028,4,3.2,12.8
1349,1350,1042,3,4.45,13.35
1350,1351,1073,1,1.5,1.5
1351,1352,1065,4,5.99,23.96
1352,1353,1035,3,3.99,11.97
1353,1354,1082,3,29.99,89.97
1354,1355,1035,3,3.99,11.97
1355,1356,1067,1,2.99,2.99
1356,1357,1049,4,5.99,23.96
1357,1358,1009,2,12.5,25.0
1358,1359,1048,4,8.99,35.96
1359,1360,1068,1,1.29,1.29
1360,1361,1012,2,7.95,15.9
1361,1362,1037,4,3.45,13.8
1362,1363,1067,2,2.99,5.98
1363,1364,1075,2,35.0,70.0
1364,1365,1066,1,3.76,3.76
1365,1366,1023,4,22.5,90.0
1366,1367,1027,3,3.99,11.97
1367,1368,1022,2,4.3,8.6
1368,1369,1017,3,7.5,22.5
1369,1370,1081,4,11.5,46.0
1370,1371,1032,4,9.99,39.96
1371,1372,1029,2,10.0,20.0
1372,1373,1008,1,8.5,8.5
1373,1374,1071,1,4.99,4.99
1374,1375,1009,1,12.5,12.5
1375,1376,1071,3,4.99,14.97
1376,1377,1041,2,4.95,9.9
1377,1378,1054,4,1.5,6.0
1378,1379,1013,4,13.5,54.0
1379,1380,1012,2,7.95,15.9
1380,1381,1051,2,5.99,11.98
1381,1382,1045,3,5.99,17.97
1382,1383,1059,1,4.0,4.0
1383,1384,1029,4,10.0,40.0
1384,1385,1077,2,34.5,69.0
1385,1386,1027,3,3.99,11.97
1386,1387,1007,3,1.25,3.75
1387,1388,1017,4,7.5,30.0
1388,1389,1029,3,10.0,30.0
1389,1390,1049,1,5.99,5.99
1390,1391,1079,4,5.99,23.96
1391,1392,1075,3,35.0,105.0
1392,1393,1078,4,10.99,43.96
1393,1394,1020,1,2.5,2.5
1394,1395,1054,4,1.5,6.0
1395,1396,1044,3,3.99,11.97
1396,1397,1073,4,1.5,6.0
1397,1398,1042,2,4.45,8.9
1398,1399,1068,1,1.29,1.29
1399,1400,1022,3,4.3,12.9
1400,1401,1038,1,4.0,4.0
1401,1402,1040,1,5.0,5.0
1402,1403,1062,3,5.99,17.97
1403,1404,1079,4,5.99,23.96
1404,1405,1030,3,8.0,24.0
1405,1406,1055,1,3.99,3.99
1406,1407,1035,1,3.99,3.99
1407,1408,1055,2,3.99,7.98
1408,1409,1004,1,4.0,4.0
1409,1410,1042,2,4.45,8.9
1410,1411,1040,4,5.0,20.0
1411,1412,1038,1,4.0,4.0
1412,1413,1019,1,4.5,4.5
1413,1414,1038,1,4.0,4.0
1414,1415,1045,2,5.99,11.98
1415,1416,1024,4,5.99,23.96
1416,1417,1036,1,3.5,3.5
1417,1418,1076,3,29.99,89.97
1418,1419,1062,4,5.99,23.96
1419,1420,1010,2,11.0,22.0
1420,1421,1032,2,9.99,19.98
1421,1422,1026,1,2.0,2.0
1422,1423,1085,1,64.99,64.99
1423,1424,1008,4,8.5,34.0
1424,1425,1058,4,3.89,15.56
1425,1426,1073,3,1.5,4.5
1426,1427,1058,3,3.89,11.67
1427,1428,1026,2,2.0,4.0
1428,1429,1045,1,5.99,5.99
1429,1430,1025,4,4.99,19.96
1430,1431,1049,1,5.99,5.99
1431,1432,1005,3,2.5,7.5
1432,1433,1013,3,13.5,40.5
1433,1434,1079,4,5.99,23.96
1434,1435,1077,1,34.5,34.5
1435,1436,1021,2,3.99,7.98
1436,1437,1083,2,1.99,3.98
1437,1438,1067,2,2.99,5.98
1438,1439,1061,2,5.99,11.98
1439,1440,1040,4,5.0,20.0
1440,1441,1027,1,3.99,3.99
1441,1442,1056,2,3.75,7.5
1442,1443,1056,4,3.75,15.0
1443,1444,1035,1,3.99,3.99
1444,1445,1014,3,8.99,26.97
1445,1446,1004,3,4.0,12.0
1446,1447,1014,3,8.99,26.97
1447,1448,1084,3,56.99,170.97
1448,1449,1006,3,6.0,18.0
1449,1450,1024,2,5.99,11.98
1450,1451,1036,1,3.5,3.5
1451,1452,1061,3,5.99,17.97
1452,1453,1049,1,5.99,5.99
1453,1454,1079,2,5.99,11.98
1454,1455,1052,2,5.89,11.78
1455,1456,1052,4,5.89,23.56
1456,1457,1050,3,3.5,10.5
1457,1458,1026,1,2.0,2.0
1458,1459,1011,4,5.99,23.96
1459,1460,1013,1,13.5,13.5
1460,1461,1067,4,2.99,11.96
1461,1462,1066,3,3.76,11.28
1462,1463,1053,4,1.5,6.0
1463,1464,1020,1,2.5,2.5
1464,1465,1072,4,1.5,6.0
1465,1466,1077,3,34.5,103.5
1466,1467,1019,2,4.5,9.0
1467,1468,1032,3,9.99,29.97
1468,1469,1049,4,5.99,23.96
1469,1470,1056,1,3.75,3.75
1470,1471,1064,3,12.5,37.5
1471,1472,1056,3,3.75,11.25
1472,1473,1034,2,3.75,7.5
1473,1474,1030,4,8.0,32.0
1474,1475,1022,4,4.3,17.2
1475,1476,1000,1,9.9,9.9
1476,1477,1045,4,5.99,23.96
1477,1478,1035,4,3.99,15.96
1478,1479,1064,4,12.5,50.0
1479,1480,1071,3,4.99,14.97
1480,1481,1033,1,2.32,2.32
1481,1482,1013,1,13.5,13.5
1482,1483,1036,1,3.5,3.5
1483,1484,1081,1,11.5,11.5
1484,1485,1025,1,4.99,4.99
1485,1486,1048,2,8.99,17.98
1486,1487,1046,1,4.99,4.99
1487,1488,1062,1,5.99,5.99
1488,1489,1081,3,11.5,34.5
1489,1490,1010,4,11.0,44.0
1490,1491,1060,1,3.5,3.5
1491,1492,1038,2,4.0,8.0
1492,1493,1028,4,3.2,12.8
1493,1494,1013,1,13.5,13.5
1494,1495,1055,3,3.99,11.97
1495,1496,1019,3,4.5,13.5
1496,1497,1038,1,4.0,4.0
1497,1498,1034,3,3.75,11.25
1498,1499,1028,2,3.2,6.4
1499,1500,1048,4,8.99,35.96
1500,1501,1070,1,3.99,3.99
1501,1502,1018,3,4.99,14.97
1502,1503,1005,3,2.5,7.5
1503,1504,1052,4,5.89,23.56
1504,1505,1024,2,5.99,11.98
1505,1506,1074,2,2.49,4.98
1506,1507,1055,3,3.99,11.97
1507,1508,1079,1,5.99,5.99
1508,1509,1002,4,1.99,7.96
1509,1510,1064,1,12.5,12.5
1510,1511,1085,2,64.99,129.98
1511,1512,1008,4,8.5,34.0
1512,1513,1066,4,3.76,15.04
1513,1514,1047,3,3.89,11.67
1514,1515,1066,4,3.76,15.04
1515,1516,1031,2,1.99,3.98
1516,1517,1082,4,29.99,119.96
1517,1518,1058,4,3.89,15.56
1518,1519,1051,3,5.99,17.97
1519,1520,1054,1,1.5,1.5
1520,1521,1045,4,5.99,23.96
1521,1522,1077,1,34.5,34.5
1522,1523,1037,4,3.45,13.8
1523,1524,1027,2,3.99,7.98
1524,1525,1070,2,3.99,7.98
1525,1526,1018,4,4.99,19.96
1526,1527,1024,3,5.99,17.97
1527,1528,1029,4,10.0,40.0
1528,1529,1061,3,5.99,17.97
1529,1530,1062,2,5.99,11.98
1530,1531,1042,4,4.45,17.8
1531,1532,1058,4,3.89,15.56
1532,1533,1030,2,8.0,16.0
1533,1534,1066,1,3.76,3.76
1534,1535,1050,4,3.5,14.0
1535,1536,1066,2,3.76,7.52
1536,1537,1054,3,1.5,4.5
1537,1538,1065,2,5.99,11.98
1538,1539,1034,2,3.75,7.5
1539,1540,1055,4,3.99,15.96
1540,1541,1032,3,9.99,29.97
1541,1542,1042,3,4.45,13.35
1542,1543,1040,4,5.0,20.0
1543,1544,1066,2,3.76,7.52
1544,1545,1034,3,3.75,11.25
1545,1546,1006,3,6.0,18.0
1546,1547,1054,4,1.5,6.0
1547,1548,1020,4,2.5,10.0
1548,1549,1012,1,7.95,7.95
1549,1550,1078,1,10.99,10.99
1550,1551,1018,1,4.99,4.99
1551,1552,1033,3,2.32,6.96
1552,1553,1027,2,3.99,7.98
1553,1554,1072,3,1.5,4.5
1554,1555,1053,1,1.5,1.5
1555,1556,1038,3,4.0,12.0
1556,1557,1071,2,4.99,9.98
1557,1558,1062,3,5.99,17.97
1558,1559,1057,2,2.99,5.98
1559,1560,1063,4,3.99,15.96
1560,1561,1044,2,3.99,7.98
1561,1562,1052,3,5.89,17.67
1562,1563,1000,4,9.9,39.6
1563,1564,1049,4,5.99,23.96
1564,1565,1016,1,15.0,15.0
1565,1566,1084,2,56.99,113.98
1566,1567,1060,4,3.5,14.0
1567,1568,1069,3,3.49,10.47
1568,1569,1073,3,1.5,4.5
1569,1570,1084,2,56.99,113.98
1570,1571,1068,2,1.29,2.58
1571,1572,1048,2,8.99,17.98
1572,1573,1033,4,2.32,9.28
1573,1574,1058,2,3.89,7.78
1574,1575,1066,2,3.76,7.52
1575,1576,1019,1,4.5,4.5
1576,1577,1042,3,4.45,13.35
1577,1578,1072,4,1.5,6.0
1578,1579,1026,4,2.0,8.0
1579,1580,1083,3,1.99,5.97
1580,1581,1006,2,6.0,12.0
1581,1582,1048,1,8.99,8.99
1582,1583,1031,2,1.99,3.98
1583,1584,1058,2,3.89,7.78
1584,1585,1007,1,1.25,1.25
1585,1586,1062,4,5.99,23.96
1586,1587,1066,4,3.76,15.04
1587,1588,1041,4,4.95,19.8
1588,1589,1017,2,7.5,15.0
1589,1590,1047,3,3.89,11.67
1590,1591,1023,4,22.5,90.0
1591,1592,1005,1,2.5,2.5
1592,1593,1075,3,35.0,105.0
1593,1594,1070,4,3.99,15.96
1594,1595,1032,2,9.99,19.98
1595,1596,1028,3,3.2,9.6
1596,1597,1018,2,4.99,9.98
1597,1598,1040,4,5.0,20.0
1598,1599,1053,2,1.5,3.0
1599,1600,1062,4,5.99,23.96
1600,1601,1051,4,5.99,23.96
1601,1602,1075,4,35.0,140.0
1602,1603,1016,2,15.0,30.0
1603,1604,1061,1,5.99,5.99
1604,1605,1008,1,8.5,8.5
1605,1606,1049,4,5.99,23.96
1606,1607,1043,4,3.25,13.0
1607,1608,1069,4,3.49,13.96
1608,1609,1069,3,3.49,10.47
1609,1610,1031,1,1.99,1.99
1610,1611,1009,3,12.5,37.5
1611,1612,1065,2,5.99,11.98
1612,1613,1005,3,2.5,7.5
1613,1614,1027,1,3.99,3.99
1614,1615,1009,3,12.5,37.5
1615,1616,1026,4,2.0,8.0
1616,1617,1035,1,3.99,3.99
1617,1618,1059,3,4.0,12.0
1618,1619,1025,1,4.99,4.99
1619,1620,1033,2,2.32,4.64
1620,1621,1082,1,29.99,29.99
1621,1622,1072,3,1.5,4.5
1622,1623,1023,2,22.5,45.0
1623,1624,1066,4,3.76,15.04
1624,1625,1001,4,22.0,88.0
1625,1626,1012,2,7.95,15.9
1626,1627,1051,2,5.99,11.98
1627,1628,1001,1,22.0,22.0
1628,1629,1028,4,3.2,12.8
1629,1630,1021,2,3.99,7.98
1630,1631,1067,1,2.99,2.99
1631,1632,1038,2,4.0,8.0
1632,1633,1031,4,1.99,7.96
1633,1634,1075,2,35.0,70.0
1634,1635,1037,3,3.45,10.35
1635,1636,1036,4,3.5,14.0
1636,1637,1060,1,3.5,3.5
1637,1638,1066,3,3.76,11.28
1638,1639,1003,1,12.0,12.0
1639,1640,1015,1,12.0,12.0
1640,1641,1037,4,3.45,13.8
1641,1642,1068,4,1.29,5.16
1642,1643,1074,3,2.49,7.47
1643,1644,1042,2,4.45,8.9
1644,1645,1036,2,3.5,7.0
1645,1646,1020,2,2.5,5.0
1646,1647,1032,3,9.99,29.97
1647,1648,1057,4,2.99,11.96
1648,1649,1015,2,12.0,24.0
1649,1650,1054,1,1.5,1.5
1650,1651,1005,1,2.5,2.5
1651,1652,1043,1,3.25,3.25
1652,1653,1050,3,3.5,10.5
1653,1654,1058,1,3.89,3.89
1654,1655,1044,4,3.99,15.96
1655,1656,1046,3,4.99,14.97
1656,1657,1034,4,3.75,15.0
1657,1658,1014,1,8.99,8.99
1658,1659,1070,2,3.99,7.98
1659,1660,1062,1,5.99,5.99
1660,1661,1002,2,1.99,3.98
1661,1662,1085,2,64.99,129.98
1662,1663,1000,2,9.9,19.8
1663,1664,1010,1,11.0,11.0
1664,1665,1075,1,35.0,35.0
1665,1666,1055,4,3.99,15.96
1666,1667,1076,3,29.99,89.97
1667,1668,1045,2,5.99,11.98
1668,1669,1080,4,2.49,9.96
1669,1670,1043,2,3.25,6.5
1670,1671,1008,1,8.5,8.5
1671,1672,1032,3,9.99,29.97
1672,1673,1030,3,8.0,24.0
1673,1674,1018,4,4.99,19.96
1674,1675,1052,4,5.89,23.56
1675,1676,1083,1,1.99,1.99
1676,1677,1050,4,3.5,14.0
1677,1678,1004,1,4.0,4.0
1678,1679,1073,2,1.5,3.0
1679,1680,1047,1,3.89,3.89
1680,1681,1007,1,1.25,1.25
1681,1682,1037,1,3.45,3.45
1682,1683,1039,1,4.99,4.99
1683,1684,1017,2,7.5,15.0
1684,1685,1000,3,9.9,29.7
1685,1686,1033,1,2.32,2.32
1686,1687,1018,2,4.99,9.98
1687,1688,1069,4,3.49,13.96
1688,1689,1036,3,3.5,10.5
1689,1690,1004,4,4.0,16.0
1690,1691,1026,3,2.0,6.0
1691,1692,1058,4,3.89,15.56
1692,1693,1004,2,4.0,8.0
1693,1694,1063,4,3.99,15.96
1694,1695,1080,4,2.49,9.96
1695,1696,1061,2,5.99,11.98
1696,1697,1075,4,35.0,140.0
1697,1698,1073,3,1.5,4.5
1698,1699,1008,2,8.5,17.0
1699,1700,1030,2,8.0,16.0
1700,1701,1063,1,3.99,3.99
1701,1702,1034,3,3.75,11.25
1702,1703,1080,3,2.49,7.47
1703,1704,1057,1,2.99,2.99
1704,1705,1019,4,4.5,18.0
1705,1706,1080,1,2.49,2.49
1706,1707,1019,2,4.5,9.0
1707,1708,1023,1,22.5,22.5
1708,1709,1053,1,1.5,1.5
1709,1710,1075,3,35.0,105.0
1710,1711,1045,2,5.99,11.98
1711,1712,1039,2,4.99,9.98
1712,1713,1069,3,3.49,10.47
1713,1714,1005,3,2.5,7.5
1714,1715,1020,3,2.5,7.5
1715,1716,1006,1,6.0,6.0
1716,1717,1003,2,12.0,24.0
1717,1718,1002,2,1.99,3.98
1718,1719,1070,3,3.99,11.97
1719,1720,1000,3,9.9,29.7
1720,1721,1077,4,34.5,138.0
1721,1722,1032,2,9.99,19.98
1722,1723,1063,1,3.99,3.99
1723,1724,1024,1,5.99,5.99
1724,1725,1009,1,12.5,12.5
1725,1726,1083,3,1.99,5.97
1726,1727,1003,4,12.0,48.0
1727,1728,1085,1,64.99,64.99
1728,1729,1004,3,4.0,12.0
1729,1730,1059,3,4.0,12.0
1730,1731,1070,4,3.99,15.96
1731,1732,1031,3,1.99,5.97
1732,1733,1075,1,35.0,35.0
1733,1734,1058,1,3.89,3.89
1734,1735,1060,1,3.5,3.5
1735,1736,1080,3,2.49,7.47
1736,1737,1026,2,2.0,4.0
1737,1738,1045,3,5.99,17.97
1738,1739,1053,1,1.5,1.5
1739,1740,1005,4,2.5,10.0
1740,1741,1034,3,3.75,11.25
1741,1742,1013,1,13.5,13.5
1742,1743,1054,1,1.5,1.5
1743,1744,1028,2,3.2,6.4
1744,1745,1024,4,5.99,23.96
1745,1746,1056,4,3.75,15.0
1746,1747,1005,1,2.5,2.5
1747,1748,1041,1,4.95,4.95
1748,1749,1029,2,10.0,20.0
1749,1750,1003,4,12.0,48.0
1750,1751,1016,1,15.0,15.0
1751,1752,1003,2,12.0,24.0
1752,1753,1057,1,2.99,2.99
1753,1754,1081,2,11.5,23.0
1754,1755,1049,4,5.99,23.96
1755,1756,1045,2,5.99,11.98
1756,1757,1013,3,13.5,40.5
1757,1758,1045,3,5.99,17.97
1758,1759,1016,1,15.0,15.0
1759,1760,1014,3,8.99,26.97
1760,1761,1051,4,5.99,23.96
1761,1762,1063,1,3.99,3.99
1762,1763,1085,2,64.99,129.98
1763,1764,1085,1,64.99,64.99
1764,1765,1012,2,7.95,15.9
1765,1766,1071,1,4.99,4.99
1766,1767,1077,3,34.5,103.5
1767,1768,1083,4,1.99,7.96
1768,1769,1043,1,3.25,3.25
1769,1770,1001,4,22.0,88.0
1770,1771,1000,2,9.9,19.8
1771,1772,1010,2,11.0,22.0
1772,1773,1016,2,15.0,30.0
1773,1774,1084,2,56.99,113.98
1774,1775,1053,2,1.5,3.0
1775,1776,1044,3,3.99,11.97
1776,1777,1037,4,3.45,13.8
1777,1778,1040,1,5.0,5.0
1778,1779,1084,1,56.99,56.99
1779,1780,1004,4,4.0,16.0
1780,1781,1023,1,22.5,22.5
1781,1782,1074,4,2.49,9.96
1782,1783,1054,3,1.5,4.5
1783,1784,1008,4,8.5,34.0
1784,1785,1054,1,1.5,1.5
1785,1786,1032,4,9.99,39.96
1786,1787,1006,2,6.0,12.0
1787,1788,1067,1,2.99,2.99
1788,1789,1062,1,5.99,5.99
1789,1790,1055,4,3.99,15.96
1790,1791,1000,1,9.9,9.9
1791,1792,1014,3,8.99,26.97
1792,1793,1001,1,22.0,22.0
1793,1794,1048,2,8.99,17.98
1794,1795,1073,3,1.5,4.5
1795,1796,1064,2,12.5,25.0
1796,1797,1033,3,2.32,6.96
1797,1798,1026,3,2.0,6.0
1798,1799,1010,2,11.0,22.0
1799,1800,1077,3,34.5,103.5
1800,1801,1054,2,1.5,3.0
1801,1802,1018,3,4.99,14.97
1802,1803,1039,2,4.99,9.98
1803,1804,1073,1,1.5,1.5
1804,1805,1058,3,3.89,11.67
1805,1806,1057,1,2.99,2.99
1806,1807,1066,3,3.76,11.28
1807,1808,1084,3,56.99,170.97
1808,1809,1045,3,5.99,17.97
1809,1810,1011,2,5.99,11.98
1810,1811,1084,3,56.99,170.97
1811,1812,1028,3,3.2,9.6
1812,1813,1033,2,2.32,4.64
1813,1814,1000,1,9.9,9.9
1814,1815,1002,2,1.99,3.98
1815,1816,1082,2,29.99,59.98
1816,1817,1014,4,8.99,35.96
1817,1818,1083,3,1.99,5.97
1818,1819,1060,2,3.5,7.0
1819,1820,1034,3,3.75,11.25
1820,1821,1017,2,7.5,15.0
1821,1822,1073,4,1.5,6.0
1822,1823,1080,3,2.49,7.47
1823,1824,1005,1,2.5,2.5
1824,1825,1001,4,22.0,88.0
1825,1826,1014,1,8.99,8.99
1826,1827,1056,1,3.75,3.75
1827,1828,1018,3,4.99,14.97
1828,1829,1057,2,2.99,5.98
1829,1830,1008,1,8.5,8.5
1830,1831,1007,2,1.25,2.5
1831,1832,1033,4,2.32,9.28
1832,1833,1005,3,2.5,7.5
1833,1834,1077,1,34.5,34.5
1834,1835,1048,1,8.99,8.99
1835,1836,1004,1,4.0,4.0
1836,1837,1086,2,15.9,31.8
1837,1838,1008,2,8.5,17.0
1838,1839,1055,3,3.99,11.97
1839,1840,1049,4,5.99,23.96
1840,1841,1085,1,64.99,64.99
1841,1842,1035,2,3.99,7.98
1842,1843,1073,2,1.5,3.0
1843,1844,1058,1,3.89,3.89
1844,1845,1040,2,5.0,10.0
1845,1846,1038,2,4.0,8.0
1846,1847,1022,1,4.3,4.3
1847,1848,1044,3,3.99,11.97
1848,1849,1063,3,3.99,11.97
1849,1850,1013,3,13.5,40.5
1850,1851,1011,4,5.99,23.96
1851,1852,1049,2,5.99,11.98
1852,1853,1024,4,5.99,23.96
1853,1854,1078,2,10.99,21.98
1854,1855,1004,4,4.0,16.0
1855,1856,1002,1,1.99,1.99
1856,1857,1046,3,4.99,14.97
1857,1858,1083,2,1.99,3.98
1858,1859,1078,3,10.99,32.97
1859,1860,1004,4,4.0,16.0
1860,1861,1062,3,5.99,17.97
1861,1862,1025,4,4.99,19.96
1862,1863,1029,4,10.0,40.0
1863,1864,1065,1,5.99,5.99
1864,1865,1006,2,6.0,12.0
1865,1866,1046,4,4.99,19.96
1866,1867,1084,1,56.99,56.99
1867,1868,1084,1,56.99,56.99
1868,1869,1001,4,22.0,88.0
1869,1870,1030,1,8.0,8.0
1870,1871,1044,2,3.99,7.98
1871,1872,1073,2,1.5,3.0
1872,1873,1024,4,5.99,23.96
1873,1874,1069,4,3.49,13.96
1874,1875,1025,4,4.99,19.96
1875,1876,1073,1,1.5,1.5
1876,1877,1044,3,3.99,11.97
1877,1878,1004,3,4.0,12.0
1878,1879,1013,3,13.5,40.5
1879,1880,1011,3,5.99,17.97
1880,1881,1083,2,1.99,3.98
1881,1882,1048,4,8.99,35.96
1882,1883,1043,2,3.25,6.5
1883,1884,1033,3,2.32,6.96
1884,1885,1079,3,5.99,17.97
1885,1886,1044,3,3.99,11.97
1886,1887,1072,4,1.5,6.0
1887,1888,1012,1,7.95,7.95
1888,1889,1081,2,11.5,23.0
1889,1890,1038,4,4.0,16.0
1890,1891,1034,3,3.75,11.25
1891,1892,1063,1,3.99,3.99
1892,1893,1025,4,4.99,19.96
1893,1894,1078,2,10.99,21.98
1894,1895,1003,2,12.0,24.0
1895,1896,1035,4,3.99,15.96
1896,1897,1015,3,12.0,36.0
1897,1898,1073,4,1.5,6.0
1898,1899,1075,1,35.0,35.0
1899,1900,1003,3,12.0,36.0
1900,1901,1034,3,3.75,11.25
1901,1902,1047,4,3.89,15.56
1902,1903,1024,2,5.99,11.98
1903,1904,1079,4,5.99,23.96
1904,1905,1034,4,3.75,15.0
1905,1906,1048,1,8.99,8.99
1906,1907,1075,4,35.0,140.0
1907,1908,1052,2,5.89,11.78
1908,1909,1030,2,8.0,16.0
1909,1910,1073,4,1.5,6.0
1910,1911,1001,4,22.0,88.0
1911,1912,1018,2,4.99,9.98
1912,1913,1046,4,4.99,19.96
1913,1914,1001,2,22.0,44.0
1914,1915,1034,1,3.75,3.75
1915,1916,1054,4,1.5,6.0
1916,1917,1081,4,11.5,46.0
1917,1918,1003,4,12.0,48.0
1918,1919,1065,1,5.99,5.99
1919,1920,1030,4,8.0,32.0
1920,1921,1061,2,5.99,11.98
1921,1922,1053,4,1.5,6.0
1922,1923,1010,1,11.0,11.0
1923,1924,1084,3,56.99,170.97
1924,1925,1012,1,7.95,7.95
1925,1926,1004,2,4.0,8.0
1926,1927,1055,3,3.99,11.97
1927,1928,1032,1,9.99,9.99
1928,1929,1005,1,2.5,2.5
1929,1930,1049,2,5.99,11.98
1930,1931,1002,3,1.99,5.97
1931,1932,1038,1,4.0,4.0
1932,1933,1015,2,12.0,24.0
1933,1934,1037,1,3.45,3.45
1934,1935,1000,3,9.9,29.7
1935,1936,1014,2,8.99,17.98
1936,1937,1035,4,3.99,15.96
1937,1938,1041,1,4.95,4.95
1938,1939,1038,2,4.0,8.0
1939,1940,1049,1,5.99,5.99
1940,1941,1023,2,22.5,45.0
1941,1942,1036,2,3.5,7.0
1942,1943,1027,4,3.99,15.96
1943,1944,1006,2,6.0,12.0
1944,1945,1025,2,4.99,9.98
1945,1946,1063,2,3.99,7.98
1946,1947,1008,3,8.5,25.5
1947,1948,1071,1,4.99,4.99
1948,1949,1016,4,15.0,60.0
1949,1950,1069,3,3.49,10.47
1950,1951,1072,1,1.5,1.5
1951,1952,1019,1,4.5,4.5
1952,1953,1039,1,4.99,4.99
1953,1954,1014,2,8.99,17.98
1954,1955,1049,1,5.99,5.99
1955,1956,1082,1,29.99,29.99
1956,1957,1065,2,5.99,11.98
1957,1958,1077,3,34.5,103.5
1958,1959,1050,4,3.5,14.0
1959,1960,1078,2,10.99,21.98
1960,1961,1047,2,3.89,7.78
1961,1962,1080,2,2.49,4.98
1962,1963,1065,4,5.99,23.96
1963,1964,1057,2,2.99,5.98
1964,1965,1064,4,12.5,50.0
1965,1966,1030,4,8.0,32.0
1966,1967,1044,4,3.99,15.96
1967,1968,1027,1,3.99,3.99
1968,1969,1010,4,11.0,44.0
1969,1970,1076,1,29.99,29.99
1970,1971,1038,3,4.0,12.0
1971,1972,1025,4,4.99,19.96
1972,1973,1049,3,5.99,17.97
1973,1974,1039,1,4.99,4.99
1974,1975,1063,2,3.99,7.98
1975,1976,1059,1,4.0,4.0
1976,1977,1071,3,4.99,14.97
1977,1978,1004,4,4.0,16.0
1978,1979,1027,4,3.99,15.96
1979,1980,1045,4,5.99,23.96
1980,1981,1049,4,5.99,23.96
1981,1982,1073,2,1.5,3.0
1982,1983,1069,2,3.49,6.98
1983,1984,1024,4,5.99,23.96
1984,1985,1041,2,4.95,9.9
1985,1986,1014,4,8.99,35.96
1986,1987,1047,2,3.89,7.78
1987,1988,1070,3,3.99,11.97
1988,1989,1022,1,4.3,4.3
1989,1990,1048,4,8.99,35.96
1990,1991,1025,4,4.99,19.96
1991,1992,1006,2,6.0,12.0
1992,1993,1049,4,5.99,23.96
1993,1994,1007,4,1.25,5.0
1994,1995,1029,1,10.0,10.0
1995,1996,1048,4,8.99,35.96
1996,1997,1071,4,4.99,19.96
1997,1998,1075,2,35.0,70.0
1998,1999,1002,1,1.99,1.99
1999,2000,1044,1,3.99,3.99
2000,2001,1059,3,4.0,12.0
2001,2002,1033,3,2.32,6.96
2002,2003,1005,2,2.5,5.0
2003,2004,1037,3,3.45,10.35
2004,2005,1012,1,7.95,7.95
2005,2006,1020,4,2.5,10.0
2006,2007,1075,4,35.0,140.0
2007,2008,1009,1,12.5,12.5
2008,2009,1086,1,15.9,15.9
2009,2010,1080,2,2.49,4.98
2010,2011,1024,1,5.99,5.99
2011,2012,1042,3,4.45,13.35
2012,2013,1066,2,3.76,7.52
2013,2014,1061,2,5.99,11.98
2014,2015,1021,2,3.99,7.98
2015,2016,1037,1,3.45,3.45
2016,2017,1072,2,1.5,3.0
2017,2018,1075,1,35.0,35.0
2018,2019,1086,1,15.9,15.9
2019,2020,1059,2,4.0,8.0
2020,2021,1080,1,2.49,2.49
2021,2022,1019,3,4.5,13.5
2022,2023,1036,3,3.5,10.5
2023,2024,1043,4,3.25,13.0
2024,2025,1051,2,5.99,11.98
2025,2026,1033,3,2.32,6.96
2026,2027,1011,3,5.99,17.97
2027,2028,1050,2,3.5,7.0
2028,2029,1076,4,29.99,119.96
2029,2030,1023,3,22.5,67.5
2030,2031,1013,1,13.5,13.5
2031,2032,1032,4,9.99,39.96
2032,2033,1054,4,1.5,6.0
2033,2034,1057,4,2.99,11.96
2034,2035,1042,3,4.45,13.35
2035,2036,1084,2,56.99,113.98
2036,2037,1022,2,4.3,8.6
2037,2038,1048,3,8.99,26.97
2038,2039,1007,4,1.25,5.0
2039,2040,1003,2,12.0,24.0
2040,2041,1078,1,10.99,10.99
2041,2042,1076,3,29.99,89.97
2042,2043,1039,4,4.99,19.96
2043,2044,1010,2,11.0,22.0
2044,2045,1078,2,10.99,21.98
2045,2046,1000,1,9.9,9.9
2046,2047,1002,3,1.99,5.97
2047,2048,1085,4,64.99,259.96
2048,2049,1039,1,4.99,4.99
2049,2050,1056,3,3.75,11.25
2050,2051,1062,4,5.99,23.96
2051,2052,1079,3,5.99,17.97
2052,2053,1078,1,10.99,10.99
2053,2054,1070,2,3.99,7.98
2054,2055,1006,1,6.0,6.0
2055,2056,1018,2,4.99,9.98
2056,2057,1039,3,4.99,14.97
2057,2058,1068,3,1.29,3.87
2058,2059,1071,1,4.99,4.99
2059,2060,1023,3,22.5,67.5
2060,2061,1028,3,3.2,9.6
2061,2062,1014,1,8.99,8.99
2062,2063,1057,1,2.99,2.99
2063,2064,1057,3,2.99,8.97
2064,2065,1057,2,2.99,5.98
2065,2066,1071,3,4.99,14.97
2066,2067,1052,4,5.89,23.56
2067,2068,1045,3,5.99,17.97
2068,2069,1084,3,56.99,170.97
2069,2070,1023,3,22.5,67.5
2070,2071,1059,4,4.0,16.0
2071,2072,1058,2,3.89,7.78
2072,2073,1043,1,3.25,3.25
2073,2074,1028,4,3.2,12.8
2074,2075,1047,4,3.89,15.56
2075,2076,1014,2,8.99,17.98
2076,2077,1084,1,56.99,56.99
2077,2078,1074,2,2.49,4.98
2078,2079,1023,2,22.5,45.0
2079,2080,1011,2,5.99,11.98
2080,2081,1069,2,3.49,6.98
2081,2082,1043,4,3.25,13.0
2082,2083,1081,4,11.5,46.0
2083,2084,1062,2,5.99,11.98
2084,2085,1075,3,35.0,105.0
2085,2086,1082,3,29.99,89.97
2086,2087,1000,1,9.9,9.9
2087,2088,1013,1,13.5,13.5
2088,2089,1052,1,5.89,5.89
2089,2090,1025,2,4.99,9.98
2090,2091,1051,4,5.99,23.96
2091,2092,1035,1,3.99,3.99
2092,2093,1071,3,4.99,14.97
2093,2094,1064,1,12.5,12.5
2094,2095,1025,2,4.99,9.98
2095,2096,1013,2,13.5,27.0
2096,2097,1047,1,3.89,3.89
2097,2098,1031,1,1.99,1.99
2098,2099,1074,2,2.49,4.98
2099,2100,1051,1,5.99,5.99
2100,2101,1020,4,2.5,10.0
2101,2102,1028,2,3.2,6.4
2102,2103,1055,1,3.99,3.99
2103,2104,1082,3,29.99,89.97
2104,2105,1003,3,12.0,36.0
2105,2106,1083,3,1.99,5.97
2106,2107,1084,1,56.99,56.99
2107,2108,1009,4,12.5,50.0
2108,2109,1039,4,4.99,19.96
2109,2110,1004,1,4.0,4.0
2110,2111,1033,4,2.32,9.28
2111,2112,1053,1,1.5,1.5
2112,2113,1055,1,3.99,3.99
2113,2114,1073,1,1.5,1.5
2114,2115,1055,1,3.99,3.99
2115,2116,1074,1,2.49,2.49
2116,2117,1013,3,13.5,40.5
2117,2118,1024,3,5.99,17.97
2118,2119,1052,4,5.89,23.56
2119,2120,1039,2,4.99,9.98
2120,2121,1054,2,1.5,3.0
2121,2122,1061,2,5.99,11.98
2122,2123,1067,4,2.99,11.96
2123,2124,1017,2,7.5,15.0
2124,2125,1000,3,9.9,29.7
2125,2126,1073,4,1.5,6.0
2126,2127,1044,4,3.99,15.96
2127,2128,1038,3,4.0,12.0
2128,2129,1007,3,1.25,3.75
2129,2130,1007,2,1.25,2.5
2130,2131,1033,1,2.32,2.32
2131,2132,1031,4,1.99,7.96
2132,2133,1017,2,7.5,15.0
2133,2134,1053,2,1.5,3.0
2134,2135,1052,1,5.89,5.89
2135,2136,1085,4,64.99,259.96
2136,2137,1002,1,1.99,1.99
2137,2138,1006,1,6.0,6.0
2138,2139,1084,4,56.99,227.96
2139,2140,1001,3,22.0,66.0
2140,2141,1057,3,2.99,8.97
2141,2142,1036,1,3.5,3.5
2142,2143,1008,4,8.5,34.0
2143,2144,1010,1,11.0,11.0
2144,2145,1015,2,12.0,24.0
2145,2146,1078,1,10.99,10.99
2146,2147,1007,4,1.25,5.0
2147,2148,1059,1,4.0,4.0
2148,2149,1058,4,3.89,15.56
2149,2150,1081,1,11.5,11.5
2150,2151,1011,3,5.99,17.97
2151,2152,1025,3,4.99,14.97
2152,2153,1016,1,15.0,15.0
2153,2154,1070,3,3.99,11.97
2154,2155,1083,4,1.99,7.96
2155,2156,1056,2,3.75,7.5
2156,2157,1021,3,3.99,11.97
2157,2158,1058,2,3.89,7.78
2158,2159,1021,4,3.99,15.96
2159,2160,1009,3,12.5,37.5
2160,2161,1086,3,15.9,47.7
2161,2162,1014,1,8.99,8.99
2162,2163,1007,1,1.25,1.25
2163,2164,1024,3,5.99,17.97
2164,2165,1036,3,3.5,10.5
2165,2166,1067,3,2.99,8.97
2166,2167,1045,2,5.99,11.98
2167,2168,1025,4,4.99,19.96
2168,2169,1050,4,3.5,14.0
2169,2170,1066,2,3.76,7.52
2170,2171,1012,3,7.95,23.85
2171,2172,1057,1,2.99,2.99
2172,2173,1048,1,8.99,8.99
2173,2174,1017,4,7.5,30.0
2174,2175,1067,4,2.99,11.96
2175,2176,1048,2,8.99,17.98
2176,2177,1040,2,5.0,10.0
2177,2178,1017,4,7.5,30.0
2178,2179,1084,3,56.99,170.97
2179,2180,1041,1,4.95,4.95
2180,2181,1053,2,1.5,3.0
2181,2182,1050,3,3.5,10.5
2182,2183,1085,3,64.99,194.97
2183,2184,1012,1,7.95,7.95
2184,2185,1040,4,5.0,20.0
2185,2186,1029,4,10.0,40.0
2186,2187,1048,4,8.99,35.96
2187,2188,1000,1,9.9,9.9
2188,2189,1015,4,12.0,48.0
2189,2190,1069,2,3.49,6.98
2190,2191,1048,3,8.99,26.97
2191,2192,1075,1,35.0,35.0
2192,2193,1020,1,2.5,2.5
2193,2194,1062,3,5.99,17.97
2194,2195,1036,3,3.5,10.5
2195,2196,1071,3,4.99,14.97
2196,2197,1056,3,3.75,11.25
2197,2198,1014,4,8.99,35.96
2198,2199,1078,1,10.99,10.99
2199,2200,1020,1,2.5,2.5
2200,2201,1043,2,3.25,6.5
2201,2202,1009,2,12.5,25.0
2202,2203,1055,2,3.99,7.98
2203,2204,1042,1,4.45,4.45
2204,2205,1067,4,2.99,11.96
2205,2206,1061,1,5.99,5.99
2206,2207,1014,2,8.99,17.98
2207,2208,1066,2,3.76,7.52
2208,2209,1015,4,12.0,48.0
2209,2210,1009,1,12.5,12.5
2210,2211,1064,3,12.5,37.5
2211,2212,1061,2,5.99,11.98
2212,2213,1014,1,8.99,8.99
2213,2214,1084,1,56.99,56.99
2214,2215,1021,1,3.99,3.99
2215,2216,1019,4,4.5,18.0
2216,2217,1051,3,5.99,17.97
2217,2218,1003,4,12.0,48.0
2218,2219,1066,1,3.76,3.76
2219,2220,1037,1,3.45,3.45
2220,2221,1047,1,3.89,3.89
2221,2222,1083,1,1.99,1.99
2222,2223,1024,1,5.99,5.99
2223,2224,1006,4,6.0,24.0
2224,2225,1009,3,12.5,37.5
2225,2226,1005,4,2.5,10.0
2226,2227,1055,2,3.99,7.98
2227,2228,1039,3,4.99,14.97
2228,2229,1050,3,3.5,10.5
2229,2230,1043,4,3.25,13.0
2230,2231,1069,2,3.49,6.98
2231,2232,1082,3,29.99,89.97
2232,2233,1066,3,3.76,11.28
2233,2234,1067,1,2.99,2.99
2234,2235,1077,2,34.5,69.0
2235,2236,1074,2,2.49,4.98
2236,2237,1046,1,4.99,4.99
2237,2238,1009,2,12.5,25.0
2238,2239,1063,2,3.99,7.98
2239,2240,1068,2,1.29,2.58
2240,2241,1083,4,1.99,7.96
2241,2242,1009,4,12.5,50.0
2242,2243,1060,3,3.5,10.5
2243,2244,1085,2,64.99,129.98
2244,2245,1048,1,8.99,8.99
2245,2246,1041,3,4.95,14.85
2246,2247,1035,3,3.99,11.97
2247,2248,1072,4,1.5,6.0
2248,2249,1048,3,8.99,26.97
2249,2250,1086,4,15.9,63.6
2250,2251,1058,2,3.89,7.78
2251,2252,1052,4,5.89,23.56
2252,2253,1085,4,64.99,259.96
2253,2254,1045,4,5.99,23.96
2254,2255,1028,2,3.2,6.4
2255,2256,1002,4,1.99,7.96
2256,2257,1055,4,3.99,15.96
2257,2258,1075,1,35.0,35.0
2258,2259,1047,4,3.89,15.56
2259,2260,1068,2,1.29,2.58
2260,2261,1082,3,29.99,89.97
2261,2262,1050,2,3.5,7.0
2262,2263,1037,3,3.45,10.35
2263,2264,1013,3,13.5,40.5
2264,2265,1021,4,3.99,15.96
2265,2266,1003,2,12.0,24.0
2266,2267,1066,4,3.76,15.04
2267,2268,1026,3,2.0,6.0
2268,2269,1007,4,1.25,5.0
2269,2270,1066,3,3.76,11.28
2270,2271,1026,2,2.0,4.0
2271,2272,1034,4,3.75,15.0
2272,2273,1048,3,8.99,26.97
2273,2274,1077,4,34.5,138.0
2274,2275,1050,1,3.5,3.5
2275,2276,1042,2,4.45,8.9
2276,2277,1040,3,5.0,15.0
2277,2278,1065,1,5.99,5.99
2278,2279,1030,4,8.0,32.0
2279,2280,1079,3,5.99,17.97
2280,2281,1079,3,5.99,17.97
2281,2282,1021,3,3.99,11.97
2282,2283,1038,2,4.0,8.0
2283,2284,1027,1,3.99,3.99
2284,2285,1060,2,3.5,7.0
2285,2286,1074,3,2.49,7.47
2286,2287,1010,3,11.0,33.0
2287,2288,1084,2,56.99,113.98
2288,2289,1056,3,3.75,11.25
2289,2290,1040,2,5.0,10.0
2290,2291,1070,3,3.99,11.97
2291,2292,1067,4,2.99,11.96
2292,2293,1046,2,4.99,9.98
2293,2294,1067,2,2.99,5.98
2294,2295,1074,4,2.49,9.96
2295,2296,1019,3,4.5,13.5
2296,2297,1086,2,15.9,31.8
2297,2298,1037,2,3.45,6.9
2298,2299,1027,3,3.99,11.97
2299,2300,1029,2,10.0,20.0
2300,2301,1082,3,29.99,89.97
2301,2302,1080,4,2.49,9.96
2302,2303,1067,3,2.99,8.97
2303,2304,1025,1,4.99,4.99
2304,2305,1022,2,4.3,8.6
2305,2306,1011,2,5.99,11.98
2306,2307,1011,1,5.99,5.99
2307,2308,1062,3,5.99,17.97
2308,2309,1004,1,4.0,4.0
2309,2310,1062,2,5.99,11.98
2310,2311,1060,4,3.5,14.0
2311,2312,1059,2,4.0,8.0
2312,2313,1079,4,5.99,23.96
2313,2314,1084,3,56.99,170.97
2314,2315,1058,3,3.89,11.67
2315,2316,1026,3,2.0,6.0
2316,2317,1081,2,11.5,23.0
2317,2318,1054,1,1.5,1.5
2318,2319,1066,4,3.76,15.04
2319,2320,1007,3,1.25,3.75
2320,2321,1043,1,3.25,3.25
2321,2322,1063,4,3.99,15.96
2322,2323,1055,3,3.99,11.97
2323,2324,1062,4,5.99,23.96
2324,2325,1067,3,2.99,8.97
2325,2326,1076,1,29.99,29.99
2326,2327,1003,4,12.0,48.0
2327,2328,1003,3,12.0,36.0
2328,2329,1064,4,12.5,50.0
2329,2330,1063,4,3.99,15.96
2330,2331,1006,3,6.0,18.0
2331,2332,1071,4,4.99,19.96
2332,2333,1035,1,3.99,3.99
2333,2334,1054,3,1.5,4.5
2334,2335,1004,4,4.0,16.0
2335,2336,1000,2,9.9,19.8
2336,2337,1025,3,4.99,14.97
2337,2338,1067,3,2.99,8.97
2338,2339,1049,1,5.99,5.99
2339,2340,1019,3,4.5,13.5
2340,2341,1038,1,4.0,4.0
2341,2342,1055,3,3.99,11.97
2342,2343,1013,4,13.5,54.0
2343,2344,1002,3,1.99,5.97
2344,2345,1008,4,8.5,34.0
2345,2346,1027,4,3.99,15.96
2346,2347,1019,4,4.5,18.0
2347,2348,1071,2,4.99,9.98
2348,2349,1024,4,5.99,23.96
2349,2350,1047,3,3.89,11.67
2350,2351,1035,3,3.99,11.97
2351,2352,1036,3,3.5,10.5
2352,2353,1013,1,13.5,13.5
2353,2354,1021,4,3.99,15.96
2354,2355,1050,1,3.5,3.5
2355,2356,1078,3,10.99,32.97
2356,2357,1065,1,5.99,5.99
2357,2358,1072,2,1.5,3.0
2358,2359,1086,4,15.9,63.6
2359,2360,1030,1,8.0,8.0
2360,2361,1016,2,15.0,30.0
2361,2362,1006,3,6.0,18.0
2362,2363,1012,1,7.95,7.95
2363,2364,1034,2,3.75,7.5
2364,2365,1017,1,7.5,7.5
2365,2366,1035,1,3.99,3.99
2366,2367,1030,2,8.0,16.0
2367,2368,1058,3,3.89,11.67
2368,2369,1076,3,29.99,89.97
2369,2370,1019,1,4.5,4.5
2370,2371,1080,4,2.49,9.96
2371,2372,1047,1,3.89,3.89
2372,2373,1079,1,5.99,5.99
2373,2374,1017,2,7.5,15.0
2374,2375,1077,4,34.5,138.0
2375,2376,1027,2,3.99,7.98
2376,2377,1015,3,12.0,36.0
2377,2378,1065,4,5.99,23.96
2378,2379,1067,2,2.99,5.98
2379,2380,1056,3,3.75,11.25
2380,2381,1046,2,4.99,9.98
2381,2382,1075,2,35.0,70.0
2382,2383,1052,4,5.89,23.56
2383,2384,1030,1,8.0,8.0
2384,2385,1057,4,2.99,11.96
2385,2386,1006,2,6.0,12.0
2386,2387,1049,4,5.99,23.96
2387,2388,1071,4,4.99,19.96
2388,2389,1074,1,2.49,2.49
2389,2390,1003,1,12.0,12.0
2390,2391,1030,3,8.0,24.0
2391,2392,1048,4,8.99,35.96
2392,2393,1023,2,22.5,45.0
2393,2394,1059,3,4.0,12.0
2394,2395,1071,4,4.99,19.96
2395,2396,1007,3,1.25,3.75
2396,2397,1038,2,4.0,8.0
2397,2398,1042,2,4.45,8.9
2398,2399,1020,1,2.5,2.5
2399,2400,1061,2,5.99,11.98
2400,2401,1060,2,3.5,7.0
2401,2402,1026,3,2.0,6.0
2402,2403,1022,1,4.3,4.3
2403,2404,1024,3,5.99,17.97
2404,2405,1075,1,35.0,35.0
2405,2406,1046,1,4.99,4.99
2406,2407,1051,1,5.99,5.99
2407,2408,1062,2,5.99,11.98
2408,2409,1012,1,7.95,7.95
2409,2410,1083,4,1.99,7.96
2410,2411,1061,2,5.99,11.98
2411,2412,1065,4,5.99,23.96
2412,2413,1004,4,4.0,16.0
2413,2414,1079,1,5.99,5.99
2414,2415,1040,1,5.0,5.0
2415,2416,1028,4,3.2,12.8
2416,2417,1034,4,3.75,15.0
2417,2418,1031,2,1.99,3.98
2418,2419,1048,4,8.99,35.96
2419,2420,1040,1,5.0,5.0
2420,2421,1073,2,1.5,3.0
2421,2422,1076,4,29.99,119.96
2422,2423,1055,3,3.99,11.97
2423,2424,1080,2,2.49,4.98
2424,2425,1011,2,5.99,11.98
2425,2426,1050,3,3.5,10.5
2426,2427,1070,3,3.99,11.97
2427,2428,1048,4,8.99,35.96
2428,2429,1050,1,3.5,3.5
2429,2430,1024,3,5.99,17.97
2430,2431,1075,2,35.0,70.0
2431,2432,1006,2,6.0,12.0
2432,2433,1067,4,2.99,11.96
2433,2434,1073,1,1.5,1.5
2434,2435,1018,4,4.99,19.96
2435,2436,1062,3,5.99,17.97
2436,2437,1031,2,1.99,3.98
2437,2438,1024,4,5.99,23.96
2438,2439,1061,4,5.99,23.96
2439,2440,1003,3,12.0,36.0
2440,2441,1037,1,3.45,3.45
2441,2442,1085,3,64.99,194.97
2442,2443,1041,4,4.95,19.8
2443,2444,1016,4,15.0,60.0
2444,2445,1013,3,13.5,40.5
2445,2446,1013,1,13.5,13.5
2446,2447,1035,2,3.99,7.98
2447,2448,1072,2,1.5,3.0
2448,2449,1023,3,22.5,67.5
2449,2450,1021,1,3.99,3.99
2450,2451,1045,1,5.99,5.99
2451,2452,1036,4,3.5,14.0
2452,2453,1055,3,3.99,11.97
2453,2454,1052,2,5.89,11.78
2454,2455,1020,2,2.5,5.0
2455,2456,1086,2,15.9,31.8
2456,2457,1004,2,4.0,8.0
2457,2458,1024,1,5.99,5.99
2458,2459,1000,3,9.9,29.7
2459,2460,1073,4,1.5,6.0
2460,2461,1006,1,6.0,6.0
2461,2462,1059,4,4.0,16.0
2462,2463,1048,4,8.99,35.96
2463,2464,1059,1,4.0,4.0
2464,2465,1024,3,5.99,17.97
2465,2466,1001,2,22.0,44.0
2466,2467,1006,1,6.0,6.0
2467,2468,1005,1,2.5,2.5
2468,2469,1063,2,3.99,7.98
2469,2470,1016,2,15.0,30.0
2470,2471,1037,2,3.45,6.9
2471,2472,1062,3,5.99,17.97
2472,2473,1085,3,64.99,194.97
2473,2474,1085,2,64.99,129.98
2474,2475,1086,4,15.9,63.6
2475,2476,1075,2,35.0,70.0
2476,2477,1055,4,3.99,15.96
2477,2478,1038,3,4.0,12.0
2478,2479,1085,3,64.99,194.97
2479,2480,1063,1,3.99,3.99
2480,2481,1044,4,3.99,15.96
2481,2482,1006,2,6.0,12.0
2482,2483,1071,1,4.99,4.99
2483,2484,1056,1,3.75,3.75
2484,2485,1045,2,5.99,11.98
2485,2486,1062,2,5.99,11.98
2486,2487,1047,3,3.89,11.67
2487,2488,1007,4,1.25,5.0
2488,2489,1056,3,3.75,11.25
2489,2490,1000,2,9.9,19.8
2490,2491,1059,3,4.0,12.0
2491,2492,1081,4,11.5,46.0
2492,2493,1030,2,8.0,16.0
2493,2494,1056,3,3.75,11.25
2494,2495,1022,3,4.3,12.9
2495,2496,1011,1,5.99,5.99
2496,2497,1015,1,12.0,12.0
2497,2498,1051,2,5.99,11.98
2498,2499,1080,1,2.49,2.49
2499,2500,1067,3,2.99,8.97
2500,2501,1038,4,4.0,16.0
2501,2502,1082,1,29.99,29.99
2502,2503,1056,2,3.75,7.5
2503,2504,1059,4,4.0,16.0
2504,2505,1073,4,1.5,6.0
2505,2506,1058,3,3.89,11.67
2506,2507,1005,1,2.5,2.5
2507,2508,1081,2,11.5,23.0
2508,2509,1018,2,4.99,9.98
2509,2510,1003,2,12.0,24.0
2510,2511,1008,3,8.5,25.5
2511,2512,1041,4,4.95,19.8
2512,2513,1062,4,5.99,23.96
2513,2514,1038,2,4.0,8.0
2514,2515,1001,4,22.0,88.0
2515,2516,1042,4,4.45,17.8
2516,2517,1071,1,4.99,4.99
2517,2518,1046,1,4.99,4.99
2518,2519,1043,3,3.25,9.75
2519,2520,1059,3,4.0,12.0
2520,2521,1018,2,4.99,9.98
2521,2522,1036,2,3.5,7.0
2522,2523,1003,4,12.0,48.0
2523,2524,1028,1,3.2,3.2
2524,2525,1043,4,3.25,13.0
2525,2526,1039,4,4.99,19.96
2526,2527,1004,1,4.0,4.0
2527,2528,1012,4,7.95,31.8
2528,2529,1057,4,2.99,11.96
2529,2530,1008,2,8.5,17.0
2530,2531,1041,4,4.95,19.8
2531,2532,1064,3,12.5,37.5
2532,2533,1061,3,5.99,17.97
2533,2534,1061,1,5.99,5.99
2534,2535,1003,2,12.0,24.0
2535,2536,1046,2,4.99,9.98
2536,2537,1086,4,15.9,63.6
2537,2538,1037,3,3.45,10.35
2538,2539,1021,2,3.99,7.98
2539,2540,1065,2,5.99,11.98
2540,2541,1032,1,9.99,9.99
2541,2542,1014,2,8.99,17.98
2542,2543,1003,2,12.0,24.0
2543,2544,1046,4,4.99,19.96
2544,2545,1050,2,3.5,7.0
2545,2546,1049,3,5.99,17.97
2546,2547,1050,1,3.5,3.5
2547,2548,1071,3,4.99,14.97
2548,2549,1032,2,9.99,19.98
2549,2550,1018,1,4.99,4.99
2550,2551,1025,1,4.99,4.99
2551,2552,1017,2,7.5,15.0
2552,2553,1007,2,1.25,2.5
2553,2554,1022,2,4.3,8.6
2554,2555,1066,1,3.76,3.76
2555,2556,1042,2,4.45,8.9
2556,2557,1051,2,5.99,11.98
2557,2558,1068,4,1.29,5.16
2558,2559,1071,1,4.99,4.99
2559,2560,1037,1,3.45,3.45
2560,2561,1080,3,2.49,7.47
2561,2562,1005,2,2.5,5.0
2562,2563,1079,3,5.99,17.97
2563,2564,1005,1,2.5,2.5
2564,2565,1060,4,3.5,14.0
2565,2566,1061,2,5.99,11.98
2566,2567,1000,2,9.9,19.8
2567,2568,1005,3,2.5,7.5
2568,2569,1035,2,3.99,7.98
2569,2570,1030,4,8.0,32.0
2570,2571,1032,3,9.99,29.97
2571,2572,1030,1,8.0,8.0
2572,2573,1061,4,5.99,23.96
2573,2574,1021,4,3.99,15.96
2574,2575,1056,2,3.75,7.5
2575,2576,1074,1,2.49,2.49
2576,2577,1080,2,2.49,4.98
2577,2578,1032,1,9.99,9.99
2578,2579,1067,4,2.99,11.96
2579,2580,1040,1,5.0,5.0
2580,2581,1076,2,29.99,59.98
2581,2582,1056,4,3.75,15.0
2582,2583,1034,4,3.75,15.0
2583,2584,1052,2,5.89,11.78
2584,2585,1013,1,13.5,13.5
2585,2586,1028,4,3.2,12.8
2586,2587,1028,1,3.2,3.2
2587,2588,1042,1,4.45,4.45
2588,2589,1049,4,5.99,23.96
2589,2590,1068,4,1.29,5.16
2590,2591,1047,4,3.89,15.56
2591,2592,1001,1,22.0,22.0
2592,2593,1040,1,5.0,5.0
2593,2594,1036,4,3.5,14.0
2594,2595,1056,4,3.75,15.0
2595,2596,1006,1,6.0,6.0
2596,2597,1052,3,5.89,17.67
2597,2598,1023,4,22.5,90.0
2598,2599,1072,1,1.5,1.5
2599,2600,1074,3,2.49,7.47
2600,2601,1043,1,3.25,3.25
2601,2602,1021,3,3.99,11.97
2602,2603,1010,1,11.0,11.0
2603,2604,1024,3,5.99,17.97
2604,2605,1052,2,5.89,11.78
2605,2606,1085,3,64.99,194.97
2606,2607,1077,1,34.5,34.5
2607,2608,1084,4,56.99,227.96
2608,2609,1041,1,4.95,4.95
2609,2610,1017,3,7.5,22.5
2610,2611,1070,2,3.99,7.98
2611,2612,1058,1,3.89,3.89
2612,2613,1070,2,3.99,7.98
2613,2614,1068,1,1.29,1.29
2614,2615,1024,2,5.99,11.98
2615,2616,1063,3,3.99,11.97
2616,2617,1011,2,5.99,11.98
2617,2618,1023,1,22.5,22.5
2618,2619,1020,1,2.5,2.5
2619,2620,1074,4,2.49,9.96
2620,2621,1047,4,3.89,15.56
2621,2622,1008,2,8.5,17.0
2622,2623,1066,3,3.76,11.28
2623,2624,1034,1,3.75,3.75
2624,2625,1051,3,5.99,17.97
2625,2626,1072,2,1.5,3.0
2626,2627,1083,1,1.99,1.99
2627,2628,1056,2,3.75,7.5
2628,2629,1056,3,3.75,11.25
2629,2630,1025,1,4.99,4.99
2630,2631,1049,3,5.99,17.97
2631,2632,1067,2,2.99,5.98
2632,2633,1079,2,5.99,11.98
2633,2634,1069,4,3.49,13.96
2634,2635,1024,4,5.99,23.96
2635,2636,1017,3,7.5,22.5
2636,2637,1060,3,3.5,10.5
2637,2638,1019,3,4.5,13.5
2638,2639,1034,2,3.75,7.5
2639,2640,1074,1,2.49,2.49
2640,2641,1042,2,4.45,8.9
2641,2642,1004,1,4.0,4.0
2642,2643,1001,1,22.0,22.0
2643,2644,1002,3,1.99,5.97
2644,2645,1060,2,3.5,7.0
2645,2646,1078,3,10.99,32.97
2646,2647,1032,1,9.99,9.99
2647,2648,1077,3,34.5,103.5
2648,2649,1004,2,4.0,8.0
2649,2650,1053,2,1.5,3.0
2650,2651,1077,4,34.5,138.0
2651,2652,1047,1,3.89,3.89
2652,2653,1026,3,2.0,6.0
2653,2654,1079,4,5.99,23.96
2654,2655,1006,1,6.0,6.0
2655,2656,1043,4,3.25,13.0
2656,2657,1035,2,3.99,7.98
2657,2658,1049,4,5.99,23.96
2658,2659,1068,1,1.29,1.29
2659,2660,1038,4,4.0,16.0
2660,2661,1037,2,3.45,6.9
2661,2662,1038,4,4.0,16.0
2662,2663,1041,3,4.95,14.85
2663,2664,1067,2,2.99,5.98
2664,2665,1081,3,11.5,34.5
2665,2666,1000,3,9.9,29.7
2666,2667,1057,3,2.99,8.97
2667,2668,1027,4,3.99,15.96
2668,2669,1082,1,29.99,29.99
2669,2670,1064,4,12.5,50.0
2670,2671,1085,3,64.99,194.97
2671,2672,1056,1,3.75,3.75
2672,2673,1071,4,4.99,19.96
2673,2674,1004,2,4.0,8.0
2674,2675,1062,2,5.99,11.98
2675,2676,1069,4,3.49,13.96
2676,2677,1063,3,3.99,11.97
2677,2678,1020,4,2.5,10.0
2678,2679,1048,1,8.99,8.99
2679,2680,1047,3,3.89,11.67
2680,2681,1076,2,29.99,59.98
2681,2682,1082,4,29.99,119.96
2682,2683,1040,4,5.0,20.0
2683,2684,1041,3,4.95,14.85
2684,2685,1041,4,4.95,19.8
2685,2686,1040,1,5.0,5.0
2686,2687,1006,4,6.0,24.0
2687,2688,1027,3,3.99,11.97
2688,2689,1018,2,4.99,9.98
2689,2690,1017,2,7.5,15.0
2690,2691,1026,2,2.0,4.0
2691,2692,1017,4,7.5,30.0
2692,2693,1063,3,3.99,11.97
2693,2694,1078,3,10.99,32.97
2694,2695,1077,4,34.5,138.0
2695,2696,1076,4,29.99,119.96
2696,2697,1040,2,5.0,10.0
2697,2698,1007,4,1.25,5.0
2698,2699,1041,3,4.95,14.85
2699,2700,1005,2,2.5,5.0
2700,2701,1046,3,4.99,14.97
2701,2702,1071,3,4.99,14.97
2702,2703,1082,3,29.99,89.97
2703,2704,1070,1,3.99,3.99
2704,2705,1057,2,2.99,5.98
2705,2706,1076,4,29.99,119.96
2706,2707,1024,3,5.99,17.97
2707,2708,1048,1,8.99,8.99
2708,2709,1015,4,12.0,48.0
2709,2710,1019,4,4.5,18.0
2710,2711,1034,2,3.75,7.5
2711,2712,1036,3,3.5,10.5
2712,2713,1053,1,1.5,1.5
2713,2714,1066,3,3.76,11.28
2714,2715,1052,1,5.89,5.89
2715,2716,1016,1,15.0,15.0
2716,2717,1008,2,8.5,17.0
2717,2718,1065,2,5.99,11.98
2718,2719,1079,2,5.99,11.98
2719,2720,1024,3,5.99,17.97
2720,2721,1020,3,2.5,7.5
2721,2722,1000,4,9.9,39.6
2722,2723,1042,2,4.45,8.9
2723,2724,1030,4,8.0,32.0
2724,2725,1070,1,3.99,3.99
2725,2726,1002,1,1.99,1.99
2726,2727,1086,3,15.9,47.7
2727,2728,1055,3,3.99,11.97
2728,2729,1044,4,3.99,15.96
2729,2730,1001,3,22.0,66.0
2730,2731,1005,2,2.5,5.0
2731,2732,1032,1,9.99,9.99
2732,2733,1040,1,5.0,5.0
2733,2734,1057,3,2.99,8.97
2734,2735,1076,4,29.99,119.96
2735,2736,1056,2,3.75,7.5
2736,2737,1009,4,12.5,50.0
2737,2738,1017,2,7.5,15.0
2738,2739,1016,1,15.0,15.0
2739,2740,1059,3,4.0,12.0
2740,2741,1058,1,3.89,3.89
2741,2742,1041,4,4.95,19.8
2742,2743,1049,4,5.99,23.96
2743,2744,1076,4,29.99,119.96
2744,2745,1029,3,10.0,30.0
2745,2746,1016,4,15.0,60.0
2746,2747,1020,3,2.5,7.5
2747,2748,1084,4,56.99,227.96
2748,2749,1027,2,3.99,7.98
2749,2750,1022,3,4.3,12.9
2750,2751,1062,2,5.99,11.98
2751,2752,1077,1,34.5,34.5
2752,2753,1027,1,3.99,3.99
2753,2754,1026,3,2.0,6.0
2754,2755,1085,1,64.99,64.99
2755,2756,1014,3,8.99,26.97
2756,2757,1065,4,5.99,23.96
2757,2758,1081,2,11.5,23.0
2758,2759,1074,1,2.49,2.49
2759,2760,1065,2,5.99,11.98
2760,2761,1071,4,4.99,19.96
2761,2762,1050,4,3.5,14.0
2762,2763,1077,4,34.5,138.0
2763,2764,1006,4,6.0,24.0
2764,2765,1068,1,1.29,1.29
2765,2766,1022,2,4.3,8.6
2766,2767,1009,3,12.5,37.5
2767,2768,1016,3,15.0,45.0
2768,2769,1081,3,11.5,34.5
2769,2770,1083,2,1.99,3.98
2770,2771,1002,3,1.99,5.97
2771,2772,1044,1,3.99,3.99
2772,2773,1039,2,4.99,9.98
2773,2774,1034,4,3.75,15.0
2774,2775,1026,4,2.0,8.0
2775,2776,1046,4,4.99,19.96
2776,2777,1033,1,2.32,2.32
2777,2778,1072,4,1.5,6.0
2778,2779,1076,2,29.99,59.98
2779,2780,1002,2,1.99,3.98
2780,2781,1083,2,1.99,3.98
2781,2782,1041,3,4.95,14.85
2782,2783,1044,3,3.99,11.97
2783,2784,1020,3,2.5,7.5
2784,2785,1015,1,12.0,12.0
2785,2786,1038,2,4.0,8.0
2786,2787,1047,4,3.89,15.56
2787,2788,1075,3,35.0,105.0
2788,2789,1053,3,1.5,4.5
2789,2790,1074,1,2.49,2.49
2790,2791,1062,3,5.99,17.97
2791,2792,1085,3,64.99,194.97
2792,2793,1071,1,4.99,4.99
2793,2794,1059,1,4.0,4.0
2794,2795,1086,2,15.9,31.8
2795,2796,1020,1,2.5,2.5
2796,2797,1075,3,35.0,105.0
2797,2798,1086,2,15.9,31.8
2798,2799,1058,1,3.89,3.89
2799,2800,1041,4,4.95,19.8
2800,2801,1028,2,3.2,6.4
2801,2802,1011,2,5.99,11.98
2802,2803,1067,3,2.99,8.97
2803,2804,1084,1,56.99,56.99
2804,2805,1006,3,6.0,18.0
2805,2806,1082,4,29.99,119.96
2806,2807,1026,3,2.0,6.0
2807,2808,1009,2,12.5,25.0
2808,2809,1040,1,5.0,5.0
2809,2810,1037,2,3.45,6.9
2810,2811,1035,4,3.99,15.96
2811,2812,1078,1,10.99,10.99
2812,2813,1020,4,2.5,10.0
2813,2814,1039,2,4.99,9.98
2814,2815,1070,1,3.99,3.99
2815,2816,1013,1,13.5,13.5
2816,2817,1009,3,12.5,37.5
2817,2818,1062,2,5.99,11.98
2818,2819,1085,3,64.99,194.97
2819,2820,1078,4,10.99,43.96
2820,2821,1022,2,4.3,8.6
2821,2822,1042,4,4.45,17.8
2822,2823,1047,4,3.89,15.56
2823,2824,1043,2,3.25,6.5
2824,2825,1032,2,9.99,19.98
2825,2826,1038,1,4.0,4.0
2826,2827,1044,1,3.99,3.99
2827,2828,1042,4,4.45,17.8
2828,2829,1006,1,6.0,6.0
2829,2830,1004,2,4.0,8.0
2830,2831,1059,3,4.0,12.0
2831,2832,1079,2,5.99,11.98
2832,2833,1068,2,1.29,2.58
2833,2834,1081,1,11.5,11.5
2834,2835,1010,3,11.0,33.0
2835,2836,1024,2,5.99,11.98
2836,2837,1038,3,4.0,12.0
2837,2838,1017,1,7.5,7.5
2838,2839,1039,1,4.99,4.99
2839,2840,1070,3,3.99,11.97
2840,2841,1074,2,2.49,4.98
2841,2842,1064,3,12.5,37.5
2842,2843,1054,1,1.5,1.5
2843,2844,1058,3,3.89,11.67
2844,2845,1013,4,13.5,54.0
2845,2846,1030,4,8.0,32.0
2846,2847,1066,4,3.76,15.04
2847,2848,1010,1,11.0,11.0
2848,2849,1050,3,3.5,10.5
2849,2850,1027,1,3.99,3.99
2850,2851,1002,3,1.99,5.97
2851,2852,1065,2,5.99,11.98
2852,2853,1026,4,2.0,8.0
2853,2854,1031,3,1.99,5.97
2854,2855,1002,3,1.99,5.97
2855,2856,1071,3,4.99,14.97
2856,2857,1060,2,3.5,7.0
2857,2858,1004,2,4.0,8.0
2858,2859,1059,2,4.0,8.0
2859,2860,1008,1,8.5,8.5
2860,2861,1078,2,10.99,21.98
2861,2862,1013,1,13.5,13.5
2862,2863,1013,2,13.5,27.0
2863,2864,1050,1,3.5,3.5
2864,2865,1080,3,2.49,7.47
2865,2866,1001,3,22.0,66.0
2866,2867,1072,4,1.5,6.0
2867,2868,1078,2,10.99,21.98
2868,2869,1011,1,5.99,5.99
2869,2870,1012,3,7.95,23.85
2870,2871,1072,4,1.5,6.0
2871,2872,1031,3,1.99,5.97
2872,2873,1030,1,8.0,8.0
2873,2874,1050,4,3.5,14.0
2874,2875,1008,4,8.5,34.0
2875,2876,1037,1,3.45,3.45
2876,2877,1003,1,12.0,12.0
2877,2878,1069,3,3.49,10.47
2878,2879,1020,2,2.5,5.0
2879,2880,1008,4,8.5,34.0
2880,2881,1060,3,3.5,10.5
2881,2882,1048,2,8.99,17.98
2882,2883,1009,1,12.5,12.5
2883,2884,1066,1,3.76,3.76
2884,2885,1044,1,3.99,3.99
2885,2886,1041,1,4.95,4.95
2886,2887,1042,1,4.45,4.45
2887,2888,1036,3,3.5,10.5
2888,2889,1036,2,3.5,7.0
2889,2890,1011,4,5.99,23.96
2890,2891,1076,1,29.99,29.99
2891,2892,1039,2,4.99,9.98
2892,2893,1056,2,3.75,7.5
2893,2894,1043,1,3.25,3.25
2894,2895,1046,3,4.99,14.97
2895,2896,1044,1,3.99,3.99
2896,2897,1043,1,3.25,3.25
2897,2898,1038,3,4.0,12.0
2898,2899,1037,1,3.45,3.45
2899,2900,1083,4,1.99,7.96
2900,2901,1026,1,2.0,2.0
2901,2902,1053,3,1.5,4.5
2902,2903,1074,3,2.49,7.47
2903,2904,1067,4,2.99,11.96
2904,2905,1033,1,2.32,2.32
2905,2906,1065,2,5.99,11.98
2906,2907,1065,2,5.99,11.98
2907,2908,1080,2,2.49,4.98
2908,2909,1021,4,3.99,15.96
2909,2910,1084,1,56.99,56.99
2910,2911,1061,4,5.99,23.96
2911,2912,1077,1,34.5,34.5
2912,2913,1023,1,22.5,22.5
2913,2914,1064,4,12.5,50.0
2914,2915,1042,1,4.45,4.45
2915,2916,1032,1,9.99,9.99
2916,2917,1062,4,5.99,23.96
2917,2918,1030,1,8.0,8.0
2918,2919,1042,1,4.45,4.45
2919,2920,1041,1,4.95,4.95
2920,2921,1081,4,11.5,46.0
2921,2922,1068,4,1.29,5.16
2922,2923,1022,1,4.3,4.3
2923,2924,1015,4,12.0,48.0
2924,2925,1033,1,2.32,2.32
2925,2926,1022,4,4.3,17.2
2926,2927,1003,2,12.0,24.0
2927,2928,1025,4,4.99,19.96
2928,2929,1070,2,3.99,7.98
2929,2930,1061,4,5.99,23.96
2930,2931,1058,1,3.89,3.89
2931,2932,1049,2,5.99,11.98
2932,2933,1007,2,1.25,2.5
2933,2934,1083,4,1.99,7.96
2934,2935,1014,1,8.99,8.99
2935,2936,1032,2,9.99,19.98
2936,2937,1054,4,1.5,6.0
2937,2938,1036,4,3.5,14.0
2938,2939,1028,3,3.2,9.6
2939,2940,1004,4,4.0,16.0
2940,2941,1039,1,4.99,4.99
2941,2942,1073,4,1.5,6.0
2942,2943,1043,4,3.25,13.0
2943,2944,1037,4,3.45,13.8
2944,2945,1033,3,2.32,6.96
2945,2946,1053,1,1.5,1.5
2946,2947,1026,4,2.0,8.0
2947,2948,1044,4,3.99,15.96
2948,2949,1034,3,3.75,11.25
2949,2950,1078,3,10.99,32.97
2950,2951,1056,3,3.75,11.25
2951,2952,1083,3,1.99,5.97
2952,2953,1008,4,8.5,34.0
2953,2954,1055,1,3.99,3.99
2954,2955,1021,1,3.99,3.99
2955,2956,1074,2,2.49,4.98
2956,2957,1073,1,1.5,1.5
2957,2958,1061,3,5.99,17.97
2958,2959,1048,2,8.99,17.98
2959,2960,1037,1,3.45,3.45
2960,2961,1021,4,3.99,15.96
2961,2962,1039,4,4.99,19.96
2962,2963,1030,3,8.0,24.0
2963,2964,1033,3,2.32,6.96
2964,2965,1025,1,4.99,4.99
2965,2966,1036,4,3.5,14.0
2966,2967,1012,1,7.95,7.95
2967,2968,1046,4,4.99,19.96
2968,2969,1059,3,4.0,12.0
2969,2970,1041,3,4.95,14.85
2970,2971,1054,3,1.5,4.5
2971,2972,1039,2,4.99,9.98
2972,2973,1040,2,5.0,10.0
2973,2974,1036,3,3.5,10.5
2974,2975,1034,2,3.75,7.5
2975,2976,1044,1,3.99,3.99
2976,2977,1082,3,29.99,89.97
2977,2978,1062,1,5.99,5.99
2978,2979,1069,2,3.49,6.98
2979,2980,1037,3,3.45,10.35
2980,2981,1031,3,1.99,5.97
2981,2982,1008,3,8.5,25.5
2982,2983,1018,3,4.99,14.97
2983,2984,1043,4,3.25,13.0
2984,2985,1002,1,1.99,1.99
2985,2986,1054,1,1.5,1.5
2986,2987,1054,1,1.5,1.5
2987,2988,1084,1,56.99,56.99
2988,2989,1083,2,1.99,3.98
2989,2990,1057,1,2.99,2.99
2990,2991,1044,3,3.99,11.97
2991,2992,1076,2,29.99,59.98
2992,2993,1069,2,3.49,6.98
2993,2994,1051,1,5.99,5.99
2994,2995,1057,2,2.99,5.98
2995,2996,1046,4,4.99,19.96
2996,2997,1021,1,3.99,3.99
2997,2998,1075,4,35.0,140.0
2998,2999,1002,3,1.99,5.97
2999,3000,1070,4,3.99,15.96
